date,close
2000-08-30,0.88499999
2000-08-31,0.88499999
2000-09-01,0.88900000
2000-09-05,0.90600002
2000-09-06,0.90149999
2000-09-07,0.90600002
2000-09-08,0.91200000
2000-09-11,0.91299999
2000-09-12,0.92850000
2000-09-13,0.92750001
2000-09-14,0.92549998
2000-09-15,0.92000002
2000-09-18,0.91850001
2000-09-19,0.92150003
2000-09-20,0.90149999
2000-09-21,0.92549998
2000-09-22,0.91949999
2000-09-25,0.92699999
2000-09-26,0.91649997
2000-09-27,0.91250002
2000-09-28,0.91100001
2000-09-29,0.91549999
2000-10-02,0.89499998
2000-10-03,0.89850003
2000-10-04,0.89649999
2000-10-05,0.90950000
2000-10-06,0.90450001
2000-10-09,0.89249998
2000-10-10,0.90249997
2000-10-11,0.89850003
2000-10-12,0.87949997
2000-10-13,0.88950002
2000-10-16,0.89150000
2000-10-17,0.88050002
2000-10-18,0.87000000
2000-10-19,0.87099999
2000-10-20,0.86000001
2000-10-23,0.86549997
2000-10-24,0.86250001
2000-10-25,0.85049999
2000-10-26,0.82900000
2000-10-27,0.84149998
2000-10-30,0.84249997
2000-10-31,0.84649998
2000-11-01,0.83300000
2000-11-02,0.83600003
2000-11-03,0.83600003
2000-11-06,0.82499999
2000-11-07,0.82849997
2000-11-08,0.83450001
2000-11-09,0.83800000
2000-11-10,0.83649999
2000-11-13,0.81900001
2000-11-14,0.82599998
2000-11-15,0.82599998
2000-11-16,0.81849998
2000-11-17,0.82200003
2000-11-20,0.82200003
2000-11-21,0.82900000
2000-11-22,0.81950003
2000-11-27,0.84649998
2000-11-28,0.86100000
2000-11-29,0.85200000
2000-11-30,0.84100002
2000-12-01,0.85949999
2000-12-04,0.86049998
2000-12-05,0.86900002
2000-12-06,0.87699997
2000-12-07,0.87849998
2000-12-08,0.88749999
2000-12-11,0.88950002
2000-12-12,0.88349998
2000-12-13,0.88050002
2000-12-14,0.88900000
2000-12-15,0.87250000
2000-12-18,0.87449998
2000-12-19,0.87400001
2000-12-20,0.86299998
2000-12-21,0.85600001
2000-12-22,0.86000001
2000-12-26,0.86350000
2000-12-27,0.84750003
2000-12-28,0.85250002
2000-12-29,0.84649998
2001-01-02,0.81800002
2001-01-03,0.82349998
2001-01-04,0.81500000
2001-01-05,0.83200002
2001-01-08,0.83300000
2001-01-09,0.82999998
2001-01-10,0.83099997
2001-01-11,0.83249998
2001-01-12,0.84450001
2001-01-16,0.82499999
2001-01-17,0.83149999
2001-01-18,0.86699998
2001-01-19,0.85299999
2001-01-22,0.84950000
2001-01-23,0.85100001
2001-01-24,0.83999997
2001-01-25,0.83899999
2001-01-26,0.83899999
2001-01-29,0.83350003
2001-01-30,0.84050000
2001-01-31,0.84850001
2001-02-01,0.85000002
2001-02-02,0.84399998
2001-02-05,0.82950002
2001-02-06,0.83099997
2001-02-07,0.82950002
2001-02-08,0.82950002
2001-02-09,0.81999999
2001-02-12,0.81750000
2001-02-13,0.82450002
2001-02-14,0.82150000
2001-02-15,0.82700002
2001-02-16,0.82499999
2001-02-20,0.81900001
2001-02-21,0.80100000
2001-02-22,0.80100000
2001-02-23,0.79549998
2001-02-26,0.80400002
2001-02-27,0.80100000
2001-02-28,0.81000000
2001-03-01,0.82099998
2001-03-02,0.82450002
2001-03-05,0.83350003
2001-03-06,0.84399998
2001-03-07,0.83399999
2001-03-08,0.82099998
2001-03-09,0.82599998
2001-03-12,0.82099998
2001-03-13,0.81150001
2001-03-14,0.80400002
2001-03-15,0.80250001
2001-03-16,0.78350002
2001-03-19,0.79100001
2001-03-20,0.79400003
2001-03-21,0.78549999
2001-03-22,0.77850002
2001-03-23,0.78049999
2001-03-26,0.77700001
2001-03-27,0.78600001
2001-03-28,0.76749998
2001-03-29,0.76950002
2001-03-30,0.75849998
2001-04-02,0.75500000
2001-04-03,0.76099998
2001-04-04,0.76099998
2001-04-05,0.76400000
2001-04-06,0.74599999
2001-04-09,0.75599998
2001-04-10,0.76499999
2001-04-11,0.76200002
2001-04-12,0.76400000
2001-04-16,0.76499999
2001-04-17,0.76150000
2001-04-18,0.78299999
2001-04-19,0.77100003
2001-04-20,0.77350003
2001-04-23,0.75700003
2001-04-24,0.76050001
2001-04-25,0.76300001
2001-04-26,0.75800002
2001-04-27,0.75900000
2001-04-30,0.76650000
2001-05-01,0.77399999
2001-05-02,0.78600001
2001-05-03,0.78250003
2001-05-04,0.77499998
2001-05-07,0.77649999
2001-05-08,0.76050001
2001-05-09,0.75449997
2001-05-10,0.75050002
2001-05-11,0.75550002
2001-05-14,0.74699998
2001-05-15,0.74750000
2001-05-16,0.74849999
2001-05-17,0.76099998
2001-05-18,0.78049999
2001-05-21,0.79500002
2001-05-22,0.78399998
2001-05-23,0.78399998
2001-05-24,0.78750002
2001-05-25,0.78600001
2001-05-29,0.76099998
2001-05-30,0.75749999
2001-05-31,0.75199997
2001-06-01,0.74750000
2001-06-04,0.74750000
2001-06-05,0.75700003
2001-06-06,0.74949998
2001-06-07,0.74650002
2001-06-08,0.72750002
2001-06-11,0.72899997
2001-06-12,0.72549999
2001-06-13,0.72149998
2001-06-14,0.72450000
2001-06-15,0.71649998
2001-06-18,0.71749997
2001-06-19,0.72299999
2001-06-20,0.71300000
2001-06-21,0.71950001
2001-06-22,0.71300000
2001-06-25,0.71249998
2001-06-26,0.71600002
2001-06-27,0.72299999
2001-06-28,0.70800000
2001-06-29,0.70450002
2001-07-02,0.71200001
2001-07-03,0.70550001
2001-07-05,0.69800001
2001-07-06,0.70349997
2001-07-09,0.70150000
2001-07-10,0.70999998
2001-07-11,0.70599997
2001-07-12,0.69800001
2001-07-13,0.69999999
2001-07-16,0.70200002
2001-07-17,0.71249998
2001-07-18,0.69999999
2001-07-19,0.68900001
2001-07-20,0.69400001
2001-07-23,0.68150002
2001-07-24,0.68049997
2001-07-25,0.68199998
2001-07-26,0.68000001
2001-07-27,0.67400002
2001-07-30,0.67400002
2001-07-31,0.67799997
2001-08-01,0.68300003
2001-08-02,0.67750001
2001-08-03,0.67299998
2001-08-06,0.66700000
2001-08-07,0.66500002
2001-08-08,0.65750003
2001-08-09,0.66399997
2001-08-10,0.65850002
2001-08-13,0.65399998
2001-08-14,0.66200000
2001-08-15,0.65600002
2001-08-16,0.66450000
2001-08-17,0.68400002
2001-08-20,0.67449999
2001-08-21,0.67000002
2001-08-22,0.67549998
2001-08-23,0.68349999
2001-08-24,0.68199998
2001-08-27,0.69400001
2001-08-28,0.68900001
2001-08-29,0.69450003
2001-08-30,0.68099999
2001-08-31,0.67850000
2001-09-04,0.67299998
2001-09-05,0.67100000
2001-09-06,0.66000003
2001-09-07,0.65200001
2001-09-10,0.65149999
2001-09-11,0.65499997
2001-09-14,0.65700001
2001-09-17,0.65050000
2001-09-18,0.65050000
2001-09-19,0.64850003
2001-09-20,0.64749998
2001-09-21,0.65700001
2001-09-24,0.65300000
2001-09-25,0.64749998
2001-09-26,0.65350002
2001-09-27,0.64999998
2001-09-28,0.64600003
2001-10-01,0.64450002
2001-10-02,0.64399999
2001-10-03,0.63599998
2001-10-04,0.63900000
2001-10-05,0.63499999
2001-10-08,0.63700002
2001-10-09,0.63550001
2001-10-10,0.63450003
2001-10-11,0.63800001
2001-10-12,0.63550001
2001-10-15,0.63450003
2001-10-16,0.63950002
2001-10-17,0.63499999
2001-10-18,0.62800002
2001-10-19,0.62050003
2001-10-22,0.62099999
2001-10-23,0.62550002
2001-10-24,0.61799997
2001-10-25,0.62099999
2001-10-26,0.63050002
2001-10-29,0.62849998
2001-10-30,0.63400000
2001-10-31,0.62199998
2001-11-01,0.61799997
2001-11-02,0.61150002
2001-11-05,0.61400002
2001-11-06,0.61350000
2001-11-07,0.60399997
2001-11-08,0.61250001
2001-11-09,0.63849998
2001-11-12,0.65600002
2001-11-13,0.67500001
2001-11-14,0.67500001
2001-11-15,0.67049998
2001-11-16,0.68000001
2001-11-19,0.68099999
2001-11-20,0.67150003
2001-11-21,0.67549998
2001-11-26,0.68150002
2001-11-27,0.70200002
2001-11-28,0.70349997
2001-11-29,0.71300000
2001-11-30,0.72200000
2001-12-03,0.70400000
2001-12-04,0.69950002
2001-12-05,0.69400001
2001-12-06,0.68750000
2001-12-07,0.67650002
2001-12-10,0.67600000
2001-12-11,0.68049997
2001-12-12,0.67049998
2001-12-13,0.67000002
2001-12-14,0.67100000
2001-12-17,0.67400002
2001-12-18,0.68250000
2001-12-19,0.67150003
2001-12-20,0.67049998
2001-12-21,0.67650002
2001-12-26,0.68349999
2001-12-27,0.67600000
2001-12-28,0.67100000
2001-12-31,0.65300000
2002-01-02,0.65249997
2002-01-03,0.65799999
2002-01-04,0.67000002
2002-01-07,0.70950001
2002-01-08,0.70349997
2002-01-09,0.71050000
2002-01-10,0.70050001
2002-01-11,0.70400000
2002-01-14,0.70349997
2002-01-15,0.69700003
2002-01-16,0.70450002
2002-01-17,0.70400000
2002-01-18,0.69450003
2002-01-22,0.69900000
2002-01-23,0.70499998
2002-01-24,0.71200001
2002-01-25,0.70850003
2002-01-28,0.69800001
2002-01-29,0.69599998
2002-01-30,0.69400001
2002-01-31,0.73049998
2002-02-01,0.73350000
2002-02-04,0.72600001
2002-02-05,0.73000002
2002-02-06,0.72649997
2002-02-07,0.73500001
2002-02-08,0.73150003
2002-02-11,0.72549999
2002-02-12,0.73049998
2002-02-13,0.74949998
2002-02-14,0.74299997
2002-02-15,0.73250002
2002-02-19,0.70599997
2002-02-20,0.70749998
2002-02-21,0.71350002
2002-02-22,0.69900000
2002-02-25,0.70499998
2002-02-26,0.70099998
2002-02-27,0.71350002
2002-02-28,0.71399999
2002-03-01,0.72649997
2002-03-04,0.73650002
2002-03-05,0.73549998
2002-03-06,0.74449998
2002-03-07,0.74250001
2002-03-08,0.74699998
2002-03-11,0.74049997
2002-03-12,0.73600000
2002-03-13,0.73549998
2002-03-14,0.74000001
2002-03-15,0.74599999
2002-03-18,0.75999999
2002-03-19,0.76599997
2002-03-20,0.76150000
2002-03-21,0.75849998
2002-03-22,0.74500000
2002-03-25,0.73350000
2002-03-26,0.74150002
2002-03-27,0.74800003
2002-03-28,0.76050001
2002-04-01,0.76099998
2002-04-02,0.76099998
2002-04-03,0.74000001
2002-04-04,0.73049998
2002-04-05,0.72100002
2002-04-08,0.72049999
2002-04-09,0.72500002
2002-04-10,0.72200000
2002-04-11,0.72100002
2002-04-12,0.71499997
2002-04-15,0.71399999
2002-04-16,0.72399998
2002-04-17,0.73449999
2002-04-18,0.72549999
2002-04-19,0.73150003
2002-04-22,0.74199998
2002-04-23,0.73000002
2002-04-24,0.73500001
2002-04-25,0.72850001
2002-04-26,0.73500001
2002-04-29,0.73400003
2002-04-30,0.73250002
2002-05-01,0.72299999
2002-05-02,0.73000002
2002-05-03,0.71899998
2002-05-06,0.70999998
2002-05-07,0.72049999
2002-05-08,0.72750002
2002-05-09,0.72500002
2002-05-10,0.73299998
2002-05-13,0.73199999
2002-05-14,0.74000001
2002-05-15,0.74299997
2002-05-16,0.73400003
2002-05-17,0.72399998
2002-05-20,0.72200000
2002-05-21,0.72299999
2002-05-22,0.72399998
2002-05-23,0.73199999
2002-05-24,0.73500001
2002-05-28,0.75349998
2002-05-29,0.74750000
2002-05-30,0.74900001
2002-05-31,0.76150000
2002-06-03,0.77249998
2002-06-04,0.78350002
2002-06-05,0.78049999
2002-06-06,0.77649999
2002-06-07,0.77749997
2002-06-10,0.77800000
2002-06-11,0.76300001
2002-06-12,0.76200002
2002-06-13,0.76450002
2002-06-14,0.76349998
2002-06-17,0.75950003
2002-06-18,0.75849998
2002-06-19,0.75599998
2002-06-20,0.75000000
2002-06-21,0.74199998
2002-06-24,0.73949999
2002-06-25,0.74849999
2002-06-26,0.75000000
2002-06-27,0.75250000
2002-06-28,0.76749998
2002-07-01,0.76800001
2002-07-02,0.75599998
2002-07-03,0.74849999
2002-07-08,0.75599998
2002-07-09,0.75550002
2002-07-10,0.75250000
2002-07-11,0.74550003
2002-07-12,0.73949999
2002-07-15,0.73350000
2002-07-16,0.73850000
2002-07-17,0.73100001
2002-07-18,0.72750002
2002-07-19,0.71450001
2002-07-22,0.70099998
2002-07-23,0.69349998
2002-07-24,0.69250000
2002-07-25,0.68699998
2002-07-26,0.68699998
2002-07-29,0.69499999
2002-07-30,0.68900001
2002-07-31,0.67750001
2002-08-01,0.68199998
2002-08-02,0.67900002
2002-08-05,0.66900003
2002-08-06,0.67250001
2002-08-07,0.66850001
2002-08-08,0.67250001
2002-08-09,0.67549998
2002-08-12,0.67600000
2002-08-13,0.67400002
2002-08-14,0.66850001
2002-08-15,0.68049997
2002-08-16,0.67449999
2002-08-19,0.67449999
2002-08-20,0.68150002
2002-08-21,0.67449999
2002-08-22,0.68349999
2002-08-23,0.68449998
2002-08-26,0.68800002
2002-08-27,0.68800002
2002-08-28,0.68300003
2002-08-29,0.68400002
2002-08-30,0.68699998
2002-09-03,0.67449999
2002-09-04,0.67299998
2002-09-05,0.66799998
2002-09-06,0.67400002
2002-09-09,0.68900001
2002-09-10,0.70050001
2002-09-11,0.69849998
2002-09-12,0.69700003
2002-09-13,0.69199997
2002-09-16,0.68099999
2002-09-17,0.68049997
2002-09-18,0.67000002
2002-09-19,0.66949999
2002-09-20,0.67500001
2002-09-23,0.67049998
2002-09-24,0.66549999
2002-09-25,0.67000002
2002-09-26,0.67199999
2002-09-27,0.66049999
2002-09-30,0.66000003
2002-10-01,0.66399997
2002-10-02,0.66949999
2002-10-03,0.66200000
2002-10-04,0.65600002
2002-10-07,0.65899998
2002-10-08,0.65899998
2002-10-09,0.65850002
2002-10-10,0.66600001
2002-10-11,0.67799997
2002-10-14,0.66600001
2002-10-15,0.67150003
2002-10-16,0.67000002
2002-10-17,0.69199997
2002-10-18,0.68800002
2002-10-21,0.69900000
2002-10-22,0.69300002
2002-10-23,0.69050002
2002-10-24,0.69900000
2002-10-25,0.71050000
2002-10-28,0.70950001
2002-10-29,0.70150000
2002-10-30,0.70050001
2002-10-31,0.71399999
2002-11-01,0.72350001
2002-11-04,0.72600001
2002-11-05,0.72299999
2002-11-06,0.72799999
2002-11-07,0.71350002
2002-11-08,0.71399999
2002-11-11,0.71899998
2002-11-12,0.71899998
2002-11-13,0.71550000
2002-11-14,0.71050000
2002-11-15,0.71700001
2002-11-18,0.72700000
2002-11-19,0.72600001
2002-11-20,0.73799998
2002-11-21,0.73900002
2002-11-22,0.73549998
2002-11-25,0.73600000
2002-11-26,0.72850001
2002-11-27,0.74949998
2002-12-02,0.75650001
2002-12-03,0.75300002
2002-12-04,0.75300002
2002-12-05,0.74000001
2002-12-06,0.74049997
2002-12-09,0.73049998
2002-12-10,0.73699999
2002-12-11,0.73600000
2002-12-12,0.73299998
2002-12-13,0.72399998
2002-12-16,0.72299999
2002-12-17,0.72450000
2002-12-18,0.71799999
2002-12-19,0.71350002
2002-12-20,0.71100003
2002-12-23,0.71350002
2002-12-24,0.70200002
2002-12-26,0.69599998
2002-12-27,0.69950002
2002-12-30,0.69900000
2002-12-31,0.69700003
2003-01-02,0.71399999
2003-01-03,0.72649997
2003-01-06,0.73449999
2003-01-07,0.73150003
2003-01-08,0.74199998
2003-01-09,0.74599999
2003-01-10,0.74000001
2003-01-13,0.74800003
2003-01-14,0.75599998
2003-01-15,0.76099998
2003-01-16,0.75700003
2003-01-17,0.75449997
2003-01-21,0.76499999
2003-01-22,0.76899999
2003-01-23,0.76650000
2003-01-24,0.76499999
2003-01-27,0.75650001
2003-01-28,0.75300002
2003-01-29,0.76249999
2003-01-30,0.78799999
2003-01-31,0.79149997
2003-02-03,0.78649998
2003-02-04,0.77749997
2003-02-05,0.77700001
2003-02-06,0.76599997
2003-02-07,0.76150000
2003-02-10,0.77399999
2003-02-11,0.77399999
2003-02-12,0.76999998
2003-02-13,0.74900001
2003-02-14,0.75500000
2003-02-18,0.73900002
2003-02-19,0.74449998
2003-02-20,0.75099999
2003-02-21,0.77649999
2003-02-24,0.78500003
2003-02-25,0.77850002
2003-02-26,0.79500002
2003-02-27,0.78799999
2003-02-28,0.77499998
2003-03-03,0.78750002
2003-03-04,0.77700001
2003-03-05,0.76050001
2003-03-06,0.75150001
2003-03-07,0.76650000
2003-03-10,0.75250000
2003-03-11,0.76150000
2003-03-12,0.75300002
2003-03-13,0.74849999
2003-03-14,0.75050002
2003-03-17,0.76800001
2003-03-18,0.76050001
2003-03-19,0.77350003
2003-03-20,0.76499999
2003-03-21,0.77550000
2003-03-24,0.76550001
2003-03-25,0.76749998
2003-03-26,0.74900001
2003-03-27,0.72899997
2003-03-28,0.72549999
2003-03-31,0.71249998
2003-04-01,0.72250003
2003-04-02,0.71700001
2003-04-03,0.70899999
2003-04-04,0.71600002
2003-04-07,0.72700000
2003-04-08,0.72049999
2003-04-09,0.71749997
2003-04-10,0.71350002
2003-04-11,0.72450000
2003-04-14,0.72350001
2003-04-15,0.73299998
2003-04-16,0.73299998
2003-04-17,0.73600000
2003-04-21,0.72750002
2003-04-22,0.72100002
2003-04-23,0.72250003
2003-04-24,0.71450001
2003-04-25,0.71450001
2003-04-28,0.71550000
2003-04-29,0.72350001
2003-04-30,0.72500002
2003-05-01,0.72450000
2003-05-02,0.71499997
2003-05-05,0.71350002
2003-05-06,0.71899998
2003-05-07,0.73049998
2003-05-08,0.73600000
2003-05-09,0.73400003
2003-05-12,0.74750000
2003-05-13,0.75999999
2003-05-14,0.75650001
2003-05-15,0.75700003
2003-05-16,0.75749999
2003-05-19,0.76050001
2003-05-20,0.75999999
2003-05-21,0.76749998
2003-05-22,0.76450002
2003-05-23,0.76400000
2003-05-27,0.77499998
2003-05-28,0.76700002
2003-05-29,0.76999998
2003-05-30,0.77999997
2003-06-02,0.78750002
2003-06-03,0.78149998
2003-06-04,0.77800000
2003-06-05,0.77999997
2003-06-06,0.78049999
2003-06-09,0.76800001
2003-06-10,0.76499999
2003-06-11,0.76550001
2003-06-12,0.77350003
2003-06-13,0.75999999
2003-06-16,0.75950003
2003-06-17,0.77950001
2003-06-18,0.77649999
2003-06-19,0.78049999
2003-06-20,0.77300000
2003-06-23,0.76599997
2003-06-24,0.76700002
2003-06-25,0.75749999
2003-06-26,0.75099999
2003-06-27,0.75650001
2003-06-30,0.74800003
2003-07-01,0.74599999
2003-07-02,0.75650001
2003-07-03,0.74650002
2003-07-07,0.76650000
2003-07-08,0.76499999
2003-07-09,0.77700001
2003-07-10,0.77749997
2003-07-11,0.77600002
2003-07-14,0.79400003
2003-07-15,0.79000002
2003-07-16,0.78899997
2003-07-17,0.77800000
2003-07-18,0.78299999
2003-07-21,0.77300000
2003-07-22,0.76899999
2003-07-23,0.77550000
2003-07-24,0.79000002
2003-07-25,0.79449999
2003-07-28,0.80449998
2003-07-29,0.80299997
2003-07-30,0.79949999
2003-07-31,0.81800002
2003-08-01,0.81599998
2003-08-04,0.80750000
2003-08-05,0.80650002
2003-08-06,0.80250001
2003-08-07,0.81300002
2003-08-08,0.79949999
2003-08-11,0.80449998
2003-08-12,0.78750002
2003-08-13,0.79100001
2003-08-14,0.79699999
2003-08-15,0.79000002
2003-08-18,0.79449999
2003-08-19,0.80100000
2003-08-20,0.80400002
2003-08-21,0.80150002
2003-08-22,0.80199999
2003-08-25,0.80400002
2003-08-26,0.79350001
2003-08-27,0.79350001
2003-08-28,0.78700000
2003-08-29,0.80299997
2003-09-02,0.80949998
2003-09-03,0.82450002
2003-09-04,0.81349999
2003-09-05,0.82700002
2003-09-08,0.82400000
2003-09-09,0.81349999
2003-09-10,0.80350000
2003-09-11,0.82249999
2003-09-12,0.81000000
2003-09-15,0.81550002
2003-09-16,0.81050003
2003-09-17,0.81900001
2003-09-18,0.82300001
2003-09-19,0.82499999
2003-09-22,0.82599998
2003-09-23,0.81999999
2003-09-24,0.82349998
2003-09-25,0.82749999
2003-09-26,0.81650001
2003-09-29,0.81900001
2003-09-30,0.81300002
2003-10-01,0.81849998
2003-10-02,0.82950002
2003-10-03,0.83399999
2003-10-06,0.83450001
2003-10-07,0.84399998
2003-10-08,0.85149997
2003-10-09,0.85049999
2003-10-10,0.86049998
2003-10-13,0.88450003
2003-10-14,0.87099999
2003-10-15,0.89550000
2003-10-16,0.89150000
2003-10-17,0.89200002
2003-10-20,0.90850002
2003-10-21,0.90300000
2003-10-22,0.91049999
2003-10-23,0.90350002
2003-10-24,0.89050001
2003-10-27,0.90499997
2003-10-28,0.90149999
2003-10-29,0.91600001
2003-10-30,0.93099999
2003-10-31,0.93699998
2003-11-03,0.93099999
2003-11-04,0.95599997
2003-11-05,0.95499998
2003-11-06,0.93849999
2003-11-07,0.94300002
2003-11-10,0.92699999
2003-11-11,0.94400001
2003-11-12,0.94749999
2003-11-13,0.94250000
2003-11-14,0.95150000
2003-11-17,0.91900003
2003-11-18,0.93300003
2003-11-19,0.91850001
2003-11-20,0.88450003
2003-11-21,0.89349997
2003-11-24,0.90399998
2003-11-25,0.88700002
2003-11-26,0.90700001
2003-12-01,0.95550001
2003-12-02,0.96950001
2003-12-03,0.97600001
2003-12-04,0.96300000
2003-12-05,0.96899998
2003-12-08,0.96649998
2003-12-09,0.97799999
2003-12-10,0.97750002
2003-12-11,0.97600001
2003-12-12,0.98650002
2003-12-15,0.99800003
2003-12-16,1.00750005
2003-12-17,0.99699998
2003-12-18,1.01699996
2003-12-19,1.02600002
2003-12-22,1.00899994
2003-12-23,1.01999998
2003-12-24,1.02649999
2003-12-29,1.04200006
2003-12-30,1.03999996
2003-12-31,1.04299998
2004-01-05,1.08299994
2004-01-06,1.06700003
2004-01-07,1.06250000
2004-01-08,1.10450006
2004-01-09,1.09949994
2004-01-12,1.08000004
2004-01-13,1.08350003
2004-01-14,1.09249997
2004-01-15,1.08200002
2004-01-16,1.09099996
2004-01-20,1.11350000
2004-01-21,1.11399996
2004-01-22,1.11650002
2004-01-23,1.12150002
2004-01-26,1.11350000
2004-01-27,1.11099994
2004-01-28,1.12950003
2004-01-29,1.12049997
2004-01-30,1.14300001
2004-02-02,1.14250004
2004-02-03,1.16750002
2004-02-04,1.17349994
2004-02-05,1.17250001
2004-02-06,1.17999995
2004-02-09,1.18499994
2004-02-10,1.17750001
2004-02-11,1.21399999
2004-02-12,1.24249995
2004-02-13,1.24450004
2004-02-17,1.29999995
2004-02-18,1.29999995
2004-02-19,1.32799995
2004-02-20,1.30750000
2004-02-23,1.31250000
2004-02-24,1.32550001
2004-02-25,1.30799997
2004-02-26,1.34800005
2004-02-27,1.34300005
2004-03-01,1.39450002
2004-03-02,1.37100005
2004-03-03,1.30100000
2004-03-04,1.31750000
2004-03-05,1.33800006
2004-03-08,1.29200006
2004-03-09,1.26999998
2004-03-10,1.28400004
2004-03-11,1.33550000
2004-03-12,1.30900002
2004-03-15,1.34700000
2004-03-16,1.36399996
2004-03-17,1.34850001
2004-03-18,1.36950004
2004-03-19,1.37899995
2004-03-22,1.35500002
2004-03-23,1.36049998
2004-03-24,1.35549998
2004-03-25,1.34549999
2004-03-26,1.35249996
2004-03-29,1.35950005
2004-03-30,1.34399998
2004-03-31,1.35850000
2004-04-01,1.37100005
2004-04-02,1.35200000
2004-04-05,1.31700003
2004-04-06,1.32700002
2004-04-07,1.31799996
2004-04-08,1.31250000
2004-04-12,1.29700005
2004-04-13,1.29100001
2004-04-14,1.30299997
2004-04-15,1.29449999
2004-04-16,1.35049999
2004-04-19,1.36800003
2004-04-20,1.31700003
2004-04-21,1.23350000
2004-04-22,1.22950006
2004-04-23,1.24300003
2004-04-26,1.24150002
2004-04-27,1.23599994
2004-04-28,1.17750001
2004-04-29,1.19200003
2004-04-30,1.20949996
2004-05-03,1.22800004
2004-05-04,1.23150003
2004-05-05,1.24650002
2004-05-06,1.23850000
2004-05-07,1.19250000
2004-05-10,1.16750002
2004-05-11,1.19350004
2004-05-12,1.18700004
2004-05-13,1.17750001
2004-05-14,1.17600000
2004-05-17,1.14450002
2004-05-18,1.15600002
2004-05-19,1.19749999
2004-05-20,1.18900001
2004-05-21,1.22000003
2004-05-24,1.23249996
2004-05-25,1.23199999
2004-05-26,1.23249996
2004-05-27,1.27300000
2004-05-28,1.27800000
2004-06-01,1.29250002
2004-06-02,1.24899995
2004-06-03,1.24699998
2004-06-04,1.23350000
2004-06-07,1.26849997
2004-06-08,1.24049997
2004-06-09,1.16999996
2004-06-10,1.17600000
2004-06-14,1.15649998
2004-06-15,1.19500005
2004-06-16,1.18250000
2004-06-17,1.20299995
2004-06-18,1.19500005
2004-06-21,1.19700003
2004-06-22,1.16349995
2004-06-23,1.19700003
2004-06-24,1.22449994
2004-06-25,1.20949996
2004-06-28,1.20650005
2004-06-29,1.17149997
2004-06-30,1.20500004
2004-07-01,1.22200000
2004-07-02,1.22000003
2004-07-06,1.22000003
2004-07-07,1.25699997
2004-07-08,1.25150001
2004-07-09,1.28100002
2004-07-12,1.27750003
2004-07-13,1.27900004
2004-07-14,1.27800000
2004-07-15,1.28950000
2004-07-16,1.31350005
2004-07-19,1.30850005
2004-07-20,1.28799999
2004-07-21,1.27649999
2004-07-22,1.28450000
2004-07-23,1.24699998
2004-07-26,1.24950004
2004-07-27,1.22000003
2004-07-28,1.26800001
2004-07-29,1.29149997
2004-07-30,1.30799997
2004-08-02,1.30799997
2004-08-03,1.30599999
2004-08-04,1.29799998
2004-08-05,1.28400004
2004-08-06,1.28199995
2004-08-09,1.24549997
2004-08-10,1.26100004
2004-08-11,1.27600002
2004-08-12,1.26999998
2004-08-13,1.32099998
2004-08-16,1.31900001
2004-08-17,1.31149995
2004-08-18,1.27400005
2004-08-19,1.29449999
2004-08-20,1.27149999
2004-08-23,1.24450004
2004-08-24,1.24150002
2004-08-25,1.24199998
2004-08-26,1.25150001
2004-08-27,1.26100004
2004-08-30,1.26199996
2004-08-31,1.28100002
2004-09-01,1.27499998
2004-09-02,1.24749994
2004-09-03,1.24049997
2004-09-07,1.27300000
2004-09-08,1.25750005
2004-09-09,1.26499999
2004-09-10,1.28100002
2004-09-13,1.28499997
2004-09-14,1.27800000
2004-09-15,1.26750004
2004-09-16,1.29799998
2004-09-17,1.30200005
2004-09-20,1.31900001
2004-09-21,1.34150004
2004-09-22,1.38000000
2004-09-23,1.36800003
2004-09-24,1.36199999
2004-09-27,1.38549995
2004-09-28,1.37800002
2004-09-29,1.39300001
2004-09-30,1.39999998
2004-10-01,1.40799999
2004-10-04,1.40100002
2004-10-05,1.40550005
2004-10-06,1.42649996
2004-10-07,1.43250000
2004-10-08,1.47350001
2004-10-11,1.47350001
2004-10-12,1.45299995
2004-10-13,1.29299998
2004-10-14,1.27649999
2004-10-15,1.31599998
2004-10-18,1.29100001
2004-10-19,1.30299997
2004-10-20,1.30599999
2004-10-21,1.31850004
2004-10-22,1.30949998
2004-10-25,1.27999997
2004-10-26,1.28649998
2004-10-27,1.29299998
2004-10-28,1.25750005
2004-10-29,1.34749997
2004-11-01,1.31550002
2004-11-02,1.32949996
2004-11-03,1.34000003
2004-11-04,1.36099994
2004-11-05,1.37849998
2004-11-08,1.37899995
2004-11-09,1.38849998
2004-11-10,1.38300002
2004-11-11,1.39250004
2004-11-12,1.42799997
2004-11-15,1.43649995
2004-11-16,1.41900003
2004-11-17,1.45550001
2004-11-18,1.47500002
2004-11-19,1.48199999
2004-11-22,1.45899999
2004-11-23,1.46749997
2004-11-24,1.48850000
2004-11-29,1.44500005
2004-11-30,1.44299996
2004-12-01,1.46749997
2004-12-02,1.43700004
2004-12-03,1.43499994
2004-12-06,1.43350005
2004-12-07,1.40600002
2004-12-08,1.37549996
2004-12-09,1.37899995
2004-12-10,1.40149999
2004-12-13,1.43599999
2004-12-14,1.44400001
2004-12-15,1.46449995
2004-12-16,1.46599996
2004-12-17,1.47249997
2004-12-20,1.49049997
2004-12-21,1.50399995
2004-12-22,1.47500002
2004-12-23,1.48300004
2004-12-27,1.50000000
2004-12-28,1.54250002
2004-12-29,1.48249996
2004-12-30,1.48699999
2005-01-03,1.52349997
2005-01-04,1.39499998
2005-01-05,1.42200005
2005-01-06,1.41999996
2005-01-07,1.41499996
2005-01-10,1.41349995
2005-01-11,1.44000006
2005-01-12,1.44400001
2005-01-13,1.41149998
2005-01-14,1.43400002
2005-01-18,1.44000006
2005-01-19,1.45050001
2005-01-20,1.45799994
2005-01-21,1.47650003
2005-01-24,1.47549999
2005-01-25,1.47350001
2005-01-26,1.48549998
2005-01-27,1.49549997
2005-01-28,1.46249998
2005-01-31,1.46300006
2005-02-01,1.45099998
2005-02-02,1.43350005
2005-02-03,1.43050003
2005-02-04,1.41799998
2005-02-07,1.43350005
2005-02-08,1.43299997
2005-02-09,1.42999995
2005-02-10,1.47000003
2005-02-11,1.46749997
2005-02-14,1.46949995
2005-02-15,1.48699999
2005-02-16,1.47599995
2005-02-17,1.50349998
2005-02-18,1.49450004
2005-02-22,1.49199998
2005-02-23,1.50000000
2005-02-24,1.48300004
2005-02-25,1.48899996
2005-02-28,1.50000000
2005-03-01,1.46449995
2005-03-02,1.47700000
2005-03-03,1.47500002
2005-03-04,1.49199998
2005-03-07,1.49450004
2005-03-08,1.49749994
2005-03-09,1.50199997
2005-03-10,1.49500000
2005-03-11,1.48099995
2005-03-14,1.47500002
2005-03-15,1.49549997
2005-03-16,1.50600004
2005-03-17,1.50600004
2005-03-18,1.50750005
2005-03-21,1.48899996
2005-03-22,1.49849999
2005-03-23,1.44700003
2005-03-24,1.45949996
2005-03-28,1.46050000
2005-03-29,1.47650003
2005-03-31,1.50899994
2005-04-01,1.49249995
2005-04-04,1.50600004
2005-04-05,1.49650002
2005-04-06,1.52250004
2005-04-07,1.52149999
2005-04-08,1.52349997
2005-04-11,1.54200006
2005-04-12,1.51150000
2005-04-13,1.47500002
2005-04-14,1.44550002
2005-04-15,1.46300006
2005-04-18,1.46200001
2005-04-19,1.48850000
2005-04-20,1.51699996
2005-04-21,1.49650002
2005-04-22,1.50199997
2005-04-25,1.50399995
2005-04-26,1.48150003
2005-04-27,1.46300006
2005-04-29,1.49800003
2005-05-02,1.49600005
2005-05-03,1.47850001
2005-05-04,1.45899999
2005-05-05,1.45899999
2005-05-06,1.47200000
2005-05-09,1.47650003
2005-05-10,1.49199998
2005-05-11,1.48249996
2005-05-12,1.47000003
2005-05-13,1.42449999
2005-05-16,1.42250001
2005-05-17,1.43350005
2005-05-18,1.46599996
2005-05-19,1.45799994
2005-05-20,1.47500002
2005-05-23,1.48850000
2005-05-24,1.50500000
2005-05-25,1.52900004
2005-05-26,1.61399996
2005-05-27,1.48599994
2005-05-31,1.50500000
2005-06-01,1.53799999
2005-06-02,1.55900002
2005-06-03,1.59549999
2005-06-06,1.60650003
2005-06-07,1.59300005
2005-06-08,1.59850001
2005-06-09,1.60200000
2005-06-10,1.63199997
2005-06-13,1.61500001
2005-06-14,1.58449996
2005-06-15,1.60699999
2005-06-16,1.64349997
2005-06-17,1.68949997
2005-06-20,1.67250001
2005-06-21,1.68599999
2005-06-22,1.67499995
2005-06-23,1.67499995
2005-06-24,1.67550004
2005-06-27,1.68200004
2005-06-28,1.60000002
2005-06-29,1.59749997
2005-06-30,1.55350006
2005-07-01,1.53649998
2005-07-05,1.58000004
2005-07-06,1.60300004
2005-07-07,1.60950005
2005-07-08,1.62549996
2005-07-11,1.62399995
2005-07-12,1.60300004
2005-07-13,1.62000000
2005-07-14,1.61800003
2005-07-15,1.62899995
2005-07-18,1.63049996
2005-07-19,1.65050006
2005-07-20,1.65550005
2005-07-21,1.63100004
2005-07-22,1.65550005
2005-07-25,1.65799999
2005-07-26,1.66600001
2005-07-27,1.67750001
2005-07-28,1.69649994
2005-07-29,1.68750000
2005-08-01,1.70350003
2005-08-02,1.70000005
2005-08-03,1.70899999
2005-08-04,1.69449997
2005-08-05,1.68900001
2005-08-08,1.68700004
2005-08-09,1.65199995
2005-08-10,1.68700004
2005-08-11,1.70599997
2005-08-12,1.73749995
2005-08-15,1.77100003
2005-08-16,1.77950001
2005-08-17,1.72099996
2005-08-18,1.72150004
2005-08-19,1.71850002
2005-08-22,1.74000001
2005-08-23,1.74450004
2005-08-24,1.71700001
2005-08-25,1.71399999
2005-08-26,1.76950002
2005-08-29,1.71050000
2005-08-30,1.74349999
2005-08-31,1.69500005
2005-09-01,1.72700000
2005-09-02,1.74699998
2005-09-06,1.73599994
2005-09-07,1.72099996
2005-09-08,1.69649994
2005-09-09,1.68400002
2005-09-12,1.71899998
2005-09-13,1.70000005
2005-09-14,1.68200004
2005-09-15,1.67799997
2005-09-16,1.67299998
2005-09-19,1.73950005
2005-09-20,1.74950004
2005-09-21,1.79649997
2005-09-22,1.80999994
2005-09-23,1.79849994
2005-09-26,1.84099996
2005-09-27,1.83800006
2005-09-28,1.87650001
2005-09-29,1.86800003
2005-09-30,1.80149996
2005-10-03,1.83399999
2005-10-04,1.85049999
2005-10-05,1.87300003
2005-10-06,1.87500000
2005-10-07,1.90050006
2005-10-10,1.89900005
2005-10-11,1.92700005
2005-10-12,1.88000000
2005-10-13,1.86000001
2005-10-14,1.85450006
2005-10-17,1.92100000
2005-10-18,1.92999995
2005-10-19,1.92600000
2005-10-20,1.92299998
2005-10-21,1.92799997
2005-10-24,1.92349994
2005-10-25,1.96449995
2005-10-26,1.96800005
2005-10-27,1.93400002
2005-10-28,1.89600003
2005-10-31,1.89600003
2005-11-01,1.89600003
2005-11-02,1.90199995
2005-11-03,1.90499997
2005-11-04,1.93350005
2005-11-07,1.93750000
2005-11-08,1.93200004
2005-11-09,1.92550004
2005-11-10,1.96500003
2005-11-11,1.99899995
2005-11-14,2.00650001
2005-11-15,2.02749991
2005-11-16,2.03500009
2005-11-17,2.04600000
2005-11-18,2.09999990
2005-11-21,2.09999990
2005-11-22,2.07999992
2005-11-23,2.14000010
2005-11-28,2.18000007
2005-11-29,2.04049993
2005-11-30,2.07500005
2005-12-01,2.16799998
2005-12-02,2.15249991
2005-12-05,2.16599989
2005-12-06,2.11899996
2005-12-07,2.16050005
2005-12-08,2.17000008
2005-12-09,2.18000007
2005-12-12,2.15549994
2005-12-13,2.17300010
2005-12-14,2.12599993
2005-12-15,2.14150000
2005-12-16,2.16950011
2005-12-19,2.15949988
2005-12-20,2.16499996
2005-12-21,2.17899990
2005-12-22,2.20600009
2005-12-23,2.23049998
2005-12-27,2.27999997
2005-12-28,2.19400001
2005-12-29,2.16450000
2005-12-30,2.16149998
2006-01-03,2.16799998
2006-01-04,2.21650004
2006-01-05,2.13849998
2006-01-06,2.15549994
2006-01-09,2.16700006
2006-01-10,2.17950010
2006-01-11,2.15499997
2006-01-12,2.14700007
2006-01-13,2.16799998
2006-01-17,2.16899991
2006-01-18,2.17000008
2006-01-19,2.15599990
2006-01-20,2.13000011
2006-01-23,2.14249992
2006-01-24,2.17249990
2006-01-25,2.21849990
2006-01-26,2.23149991
2006-01-27,2.29649997
2006-01-30,2.23449993
2006-01-31,2.23550010
2006-02-01,2.25900006
2006-02-02,2.31850004
2006-02-03,2.31800008
2006-02-06,2.33649993
2006-02-07,2.28749990
2006-02-08,2.27999997
2006-02-09,2.30900002
2006-02-10,2.22600007
2006-02-13,2.23699999
2006-02-14,2.26650000
2006-02-15,2.19400001
2006-02-16,2.23699999
2006-02-17,2.20900011
2006-02-21,2.28099990
2006-02-22,2.26600003
2006-02-23,2.21000004
2006-02-24,2.20400000
2006-02-27,2.14050007
2006-02-28,2.18549991
2006-03-01,2.24349999
2006-03-02,2.27550006
2006-03-03,2.26950002
2006-03-06,2.20099998
2006-03-07,2.18600011
2006-03-08,2.17249990
2006-03-09,2.20449996
2006-03-10,2.21700001
2006-03-13,2.25149989
2006-03-14,2.25999999
2006-03-15,2.25200009
2006-03-16,2.26650000
2006-03-17,2.36899996
2006-03-20,2.34400010
2006-03-21,2.33400011
2006-03-22,2.34999990
2006-03-23,2.40899992
2006-03-24,2.41149998
2006-03-27,2.47499990
2006-03-28,2.49399996
2006-03-29,2.47650003
2006-03-30,2.50349998
2006-03-31,2.48799992
2006-04-03,2.57699990
2006-04-04,2.57349992
2006-04-05,2.62800002
2006-04-06,2.67650008
2006-04-07,2.67050004
2006-04-10,2.73900008
2006-04-11,2.75149989
2006-04-12,2.82150006
2006-04-13,2.86800003
2006-04-17,2.96499991
2006-04-18,3.05900002
2006-04-19,3.05850005
2006-04-20,3.06599998
2006-04-21,3.24799991
2006-04-24,3.21350002
2006-04-25,3.40799999
2006-04-26,3.48300004
2006-04-27,3.25999999
2006-04-28,3.33550000
2006-05-01,3.45300007
2006-05-02,3.41650009
2006-05-03,3.42499995
2006-05-04,3.59299994
2006-05-05,3.59699988
2006-05-08,3.60549998
2006-05-09,3.69600010
2006-05-10,3.78399992
2006-05-11,4.03299999
2006-05-12,3.96650004
2006-05-15,3.86899996
2006-05-16,3.98200011
2006-05-17,3.83049989
2006-05-18,3.86949992
2006-05-19,3.64299989
2006-05-22,3.64000010
2006-05-23,4.07550001
2006-05-24,3.83049989
2006-05-25,3.90149999
2006-05-26,4.01499987
2006-05-30,3.74699998
2006-05-31,3.71650004
2006-06-01,3.56850004
2006-06-02,3.66450000
2006-06-05,3.69099998
2006-06-06,3.58450007
2006-06-07,3.67899990
2006-06-08,3.45199990
2006-06-09,3.37299991
2006-06-12,3.32850003
2006-06-13,3.09549999
2006-06-14,3.15350008
2006-06-15,3.30900002
2006-06-16,3.38649988
2006-06-19,3.25250006
2006-06-20,3.28649998
2006-06-21,3.30049992
2006-06-22,3.20549989
2006-06-23,3.34249997
2006-06-26,3.44400001
2006-06-27,3.28699994
2006-06-28,3.43300009
2006-06-29,3.42300010
2006-06-30,3.46250010
2006-07-05,3.49449992
2006-07-06,3.71449995
2006-07-07,3.64249992
2006-07-10,3.67700005
2006-07-11,3.72250009
2006-07-12,3.77500010
2006-07-13,3.79150009
2006-07-14,3.82949996
2006-07-17,3.71449995
2006-07-18,3.68050003
2006-07-19,3.67849994
2006-07-20,3.48499990
2006-07-21,3.41650009
2006-07-24,3.48350000
2006-07-25,3.53850007
2006-07-26,3.48449993
2006-07-27,3.51850009
2006-07-28,3.58400011
2006-07-31,3.60999990
2006-08-01,3.63299990
2006-08-02,3.62849998
2006-08-03,3.52950001
2006-08-04,3.66249990
2006-08-07,3.62549996
2006-08-08,3.62100005
2006-08-09,3.74399996
2006-08-10,3.66450000
2006-08-11,3.51300001
2006-08-14,3.56699991
2006-08-15,3.55749989
2006-08-16,3.49499989
2006-08-17,3.38299990
2006-08-18,3.45000005
2006-08-21,3.52250004
2006-08-22,3.49850011
2006-08-23,3.47300005
2006-08-24,3.44000006
2006-08-25,3.45499992
2006-08-28,3.48399997
2006-08-29,3.42300010
2006-08-30,3.36500001
2006-08-31,3.46900010
2006-09-01,3.47499990
2006-09-04,3.49550009
2006-09-05,3.65100002
2006-09-06,3.70199990
2006-09-07,3.66549993
2006-09-08,3.57800007
2006-09-11,3.43400002
2006-09-12,3.39050007
2006-09-13,3.39249992
2006-09-14,3.38199997
2006-09-15,3.31649995
2006-09-18,3.41799998
2006-09-19,3.37549996
2006-09-20,3.36999989
2006-09-21,3.42199993
2006-09-22,3.43950009
2006-09-25,3.44749999
2006-09-26,3.46350002
2006-09-27,3.47550011
2006-09-28,3.41400003
2006-09-29,3.45900011
2006-10-02,3.43050003
2006-10-03,3.28649998
2006-10-04,3.19799995
2006-10-05,3.29949999
2006-10-06,3.38350010
2006-10-09,3.40650010
2006-10-10,3.37299991
2006-10-11,3.40000010
2006-10-12,3.37400007
2006-10-13,3.39849997
2006-10-16,3.55999994
2006-10-17,3.48499990
2006-10-18,3.47099996
2006-10-19,3.48850012
2006-10-20,3.44449997
2006-10-23,3.43000007
2006-10-24,3.40149999
2006-10-25,3.38800001
2006-10-26,3.38199997
2006-10-27,3.39100003
2006-10-30,3.34050012
2006-10-31,3.33599997
2006-11-01,3.23049998
2006-11-02,3.28399992
2006-11-03,3.31550002
2006-11-06,3.33249998
2006-11-07,3.34549999
2006-11-08,3.23200011
2006-11-09,3.29550004
2006-11-10,3.07750010
2006-11-13,3.06500006
2006-11-14,3.08400011
2006-11-15,3.08750010
2006-11-16,3.03600001
2006-11-17,3.05250001
2006-11-20,3.03649998
2006-11-21,3.11050010
2006-11-22,3.10599995
2006-11-27,3.18600011
2006-11-28,3.13549995
2006-11-29,3.12800002
2006-11-30,3.17149997
2006-12-01,3.14700007
2006-12-04,3.15700006
2006-12-05,3.23449993
2006-12-06,3.14899993
2006-12-07,3.09400010
2006-12-08,3.10700011
2006-12-11,3.11999989
2006-12-12,3.08450007
2006-12-13,3.02449989
2006-12-14,3.04500008
2006-12-15,3.00399995
2006-12-18,3.01699996
2006-12-19,3.00250006
2006-12-20,2.93950009
2006-12-21,2.86050010
2006-12-22,2.82999992
2006-12-25,2.82999992
2006-12-26,2.85050011
2006-12-27,2.88199997
2006-12-28,2.88000011
2006-12-29,2.85400009
2007-01-01,2.85400009
2007-01-02,2.85400009
2007-01-03,2.63249993
2007-01-04,2.58850002
2007-01-05,2.52250004
2007-01-08,2.51449990
2007-01-09,2.54200006
2007-01-10,2.65149999
2007-01-11,2.64849997
2007-01-12,2.59299994
2007-01-16,2.56500006
2007-01-17,2.55550003
2007-01-18,2.47700000
2007-01-19,2.50200009
2007-01-22,2.51950002
2007-01-23,2.56649995
2007-01-24,2.58850002
2007-01-25,2.63949990
2007-01-26,2.62150002
2007-01-29,2.52850008
2007-01-30,2.54999995
2007-01-31,2.58349991
2007-02-01,2.51799989
2007-02-02,2.41000009
2007-02-05,2.40450001
2007-02-06,2.48449993
2007-02-07,2.44099998
2007-02-08,2.43849993
2007-02-09,2.50650001
2007-02-12,2.46749997
2007-02-13,2.57699990
2007-02-14,2.56949997
2007-02-15,2.65799999
2007-02-16,2.63849998
2007-02-20,2.58200002
2007-02-21,2.65100002
2007-02-22,2.76200008
2007-02-23,2.83649993
2007-02-26,2.85249996
2007-02-27,2.80500007
2007-02-28,2.73300004
2007-03-01,2.73650002
2007-03-02,2.69300008
2007-03-05,2.65799999
2007-03-06,2.70099998
2007-03-07,2.77200007
2007-03-08,2.82550001
2007-03-09,2.77699995
2007-03-12,2.84400010
2007-03-13,2.82450008
2007-03-14,2.82200003
2007-03-15,2.98499990
2007-03-16,3.00850010
2007-03-19,3.01749992
2007-03-20,3.03099990
2007-03-21,3.01900005
2007-03-22,3.06750011
2007-03-23,3.06900001
2007-03-26,3.12450004
2007-03-27,3.05250001
2007-03-28,3.05150008
2007-03-29,3.07649994
2007-03-30,3.14350009
2007-04-02,3.17400002
2007-04-03,3.30949998
2007-04-04,3.38249993
2007-04-05,3.37100005
2007-04-09,3.49699998
2007-04-10,3.51699996
2007-04-11,3.57550001
2007-04-12,3.49300003
2007-04-13,3.52950001
2007-04-16,3.53099990
2007-04-17,3.67400002
2007-04-18,3.61500001
2007-04-19,3.58400011
2007-04-20,3.60649991
2007-04-23,3.63050008
2007-04-24,3.54999995
2007-04-25,3.58500004
2007-04-26,3.48699999
2007-04-27,3.51449990
2007-04-30,3.54150009
2007-05-01,3.61549997
2007-05-02,3.62849998
2007-05-03,3.71199989
2007-05-04,3.75049996
2007-05-07,3.71050000
2007-05-08,3.71550012
2007-05-09,3.67549992
2007-05-10,3.56399989
2007-05-11,3.60100007
2007-05-14,3.49200010
2007-05-15,3.53349996
2007-05-16,3.42400002
2007-05-17,3.30900002
2007-05-18,3.32850003
2007-05-21,3.40599990
2007-05-22,3.30850005
2007-05-23,3.30399990
2007-05-24,3.18350005
2007-05-25,3.32699990
2007-05-29,3.32599998
2007-05-30,3.30599999
2007-05-31,3.39350009
2007-06-01,3.40249991
2007-06-04,3.46550012
2007-06-05,3.44650006
2007-06-06,3.39499998
2007-06-07,3.37700009
2007-06-08,3.25799990
2007-06-11,3.35100007
2007-06-12,3.28749990
2007-06-13,3.31800008
2007-06-14,3.39750004
2007-06-15,3.42300010
2007-06-18,3.42050004
2007-06-19,3.39949989
2007-06-20,3.44749999
2007-06-21,3.40650010
2007-06-22,3.38549995
2007-06-25,3.40199995
2007-06-26,3.31800008
2007-06-27,3.35649991
2007-06-28,3.42950010
2007-06-29,3.45350003
2007-07-02,3.53550005
2007-07-03,3.56299996
2007-07-05,3.60850000
2007-07-06,3.61100006
2007-07-09,3.64849997
2007-07-10,3.62849998
2007-07-11,3.64150000
2007-07-12,3.60200000
2007-07-13,3.61549997
2007-07-16,3.58850002
2007-07-17,3.58500004
2007-07-18,3.60999990
2007-07-19,3.70950007
2007-07-20,3.75399995
2007-07-23,3.69000006
2007-07-24,3.64849997
2007-07-25,3.57049990
2007-07-26,3.52850008
2007-07-27,3.55100012
2007-07-30,3.59200001
2007-07-31,3.65350008
2007-08-01,3.59500003
2007-08-02,3.57500005
2007-08-03,3.48449993
2007-08-06,3.47849989
2007-08-07,3.51550007
2007-08-08,3.44499993
2007-08-09,3.37199998
2007-08-10,3.39450002
2007-08-13,3.48250008
2007-08-14,3.41199994
2007-08-15,3.37400007
2007-08-16,3.12949991
2007-08-17,3.15650010
2007-08-20,3.17400002
2007-08-21,3.16249990
2007-08-22,3.22700000
2007-08-23,3.28649998
2007-08-24,3.36500001
2007-08-27,3.38400006
2007-08-28,3.33699989
2007-08-29,3.34500003
2007-08-30,3.35349989
2007-08-31,3.41100001
2007-09-04,3.32249999
2007-09-05,3.27900004
2007-09-06,3.31550002
2007-09-07,3.25950003
2007-09-10,3.26399994
2007-09-11,3.38899994
2007-09-12,3.35949993
2007-09-13,3.39499998
2007-09-14,3.39100003
2007-09-17,3.41750002
2007-09-18,3.44250011
2007-09-19,3.56750011
2007-09-20,3.57399988
2007-09-21,3.57249999
2007-09-24,3.62700009
2007-09-25,3.61150002
2007-09-26,3.61299992
2007-09-27,3.63599992
2007-09-28,3.63050008
2007-10-01,3.68099999
2007-10-02,3.70050001
2007-10-03,3.74950004
2007-10-04,3.71499991
2007-10-05,3.69650006
2007-10-08,3.59299994
2007-10-09,3.60100007
2007-10-10,3.67600012
2007-10-11,3.64899993
2007-10-12,3.63050008
2007-10-15,3.66350007
2007-10-16,3.62400007
2007-10-17,3.58450007
2007-10-18,3.53349996
2007-10-19,3.54749990
2007-10-22,3.47799993
2007-10-23,3.50500011
2007-10-24,3.45099998
2007-10-25,3.48000002
2007-10-26,3.52950001
2007-10-29,3.51300001
2007-10-30,3.47449994
2007-10-31,3.46799994
2007-11-01,3.35599995
2007-11-02,3.31750011
2007-11-05,3.29399991
2007-11-06,3.33249998
2007-11-07,3.25099993
2007-11-08,3.19700003
2007-11-09,3.14249992
2007-11-12,3.10500002
2007-11-13,3.10200000
2007-11-14,3.30150008
2007-11-15,3.08200002
2007-11-16,3.15599990
2007-11-19,2.98049998
2007-11-20,3.02550006
2007-11-21,2.88700008
2007-11-23,2.98499990
2007-11-26,3.01900005
2007-11-27,2.95849991
2007-11-28,3.00099993
2007-11-29,3.06349993
2007-11-30,3.15700006
2007-12-03,3.06100011
2007-12-04,2.99799991
2007-12-05,3.01600003
2007-12-06,3.01850009
2007-12-07,3.09450006
2007-12-10,3.06100011
2007-12-11,3.05749989
2007-12-12,3.01600003
2007-12-13,2.93950009
2007-12-14,2.93650007
2007-12-17,2.87299991
2007-12-18,2.86999989
2007-12-19,2.94549990
2007-12-20,2.95849991
2007-12-21,3.09349990
2007-12-24,3.14700007
2007-12-26,3.15499997
2007-12-27,3.10500002
2007-12-28,3.05749989
2007-12-31,3.03049994
2008-01-02,3.05049992
2008-01-03,3.17300010
2008-01-04,3.14150000
2008-01-07,3.12500000
2008-01-08,3.27349997
2008-01-09,3.26449990
2008-01-10,3.26099992
2008-01-11,3.28349996
2008-01-14,3.31699991
2008-01-15,3.22000003
2008-01-16,3.16149998
2008-01-17,3.17050004
2008-01-18,3.22449994
2008-01-22,3.18899989
2008-01-23,3.06349993
2008-01-24,3.16499996
2008-01-25,3.17600012
2008-01-28,3.18199992
2008-01-29,3.28900003
2008-01-30,3.21600008
2008-01-31,3.28950000
2008-02-01,3.26049995
2008-02-04,3.28800011
2008-02-05,3.20350003
2008-02-06,3.30749989
2008-02-07,3.44799995
2008-02-08,3.53449988
2008-02-11,3.55349994
2008-02-12,3.55500007
2008-02-13,3.52550006
2008-02-14,3.48799992
2008-02-15,3.52099991
2008-02-19,3.72499990
2008-02-20,3.70549989
2008-02-21,3.81049991
2008-02-22,3.78699994
2008-02-25,3.74149990
2008-02-26,3.78099990
2008-02-27,3.83999991
2008-02-28,3.86350012
2008-02-29,3.85200000
2008-03-03,3.93099999
2008-03-04,3.82699990
2008-03-05,3.98950005
2008-03-06,3.91450000
2008-03-07,3.93199992
2008-03-10,3.80850005
2008-03-11,3.79900002
2008-03-12,3.85150003
2008-03-13,3.83999991
2008-03-14,3.84699988
2008-03-17,3.71199989
2008-03-18,3.77049994
2008-03-19,3.65949988
2008-03-20,3.61100006
2008-03-24,3.65499997
2008-03-25,3.69950008
2008-03-26,3.75099993
2008-03-27,3.90350008
2008-03-28,3.85599995
2008-03-31,3.86350012
2008-04-01,3.82599998
2008-04-02,3.88849998
2008-04-03,3.92400002
2008-04-04,3.97849989
2008-04-07,3.99449992
2008-04-08,3.90899992
2008-04-09,4.02799988
2008-04-10,3.95400000
2008-04-11,3.97449994
2008-04-14,3.92650008
2008-04-15,3.89100003
2008-04-16,3.98799992
2008-04-17,3.94199991
2008-04-18,3.91950011
2008-04-21,3.89800000
2008-04-22,4.00549984
2008-04-23,3.94700003
2008-04-24,3.89499998
2008-04-25,3.95950007
2008-04-28,3.98399997
2008-04-29,3.89949989
2008-04-30,3.93400002
2008-05-01,3.72550011
2008-05-02,3.85800004
2008-05-05,3.97849989
2008-05-06,3.91249990
2008-05-07,3.86299992
2008-05-08,3.82049990
2008-05-09,3.75349998
2008-05-12,3.78399992
2008-05-13,3.76500010
2008-05-14,3.70700002
2008-05-15,3.76099992
2008-05-16,3.84649992
2008-05-19,3.79550004
2008-05-20,3.79049993
2008-05-21,3.75349998
2008-05-22,3.72250009
2008-05-23,3.75500011
2008-05-27,3.74099994
2008-05-28,3.72849989
2008-05-29,3.56900001
2008-05-30,3.62800002
2008-06-02,3.60899997
2008-06-03,3.58599997
2008-06-04,3.55299997
2008-06-05,3.55299997
2008-06-06,3.62400007
2008-06-09,3.61150002
2008-06-10,3.55699992
2008-06-11,3.57550001
2008-06-12,3.53250003
2008-06-13,3.59400010
2008-06-16,3.67950010
2008-06-17,3.65849996
2008-06-18,3.74550009
2008-06-19,3.77749991
2008-06-20,3.83200002
2008-06-23,3.81399989
2008-06-24,3.79349995
2008-06-25,3.78550005
2008-06-26,3.82349992
2008-06-27,3.88400006
2008-06-30,3.89549994
2008-07-01,3.92249990
2008-07-02,4.07749987
2008-07-03,3.96300006
2008-07-07,3.86500001
2008-07-08,3.71250010
2008-07-09,3.75500011
2008-07-10,3.73350000
2008-07-11,3.75550008
2008-07-14,3.76950002
2008-07-15,3.72199988
2008-07-16,3.67700005
2008-07-17,3.73499990
2008-07-18,3.68650007
2008-07-21,3.71000004
2008-07-22,3.73550010
2008-07-23,3.71650004
2008-07-24,3.67700005
2008-07-25,3.70400000
2008-07-28,3.70950007
2008-07-29,3.68350005
2008-07-30,3.67950010
2008-07-31,3.71650004
2008-08-01,3.62849998
2008-08-04,3.48749995
2008-08-05,3.45700002
2008-08-06,3.46300006
2008-08-07,3.45799994
2008-08-08,3.40050006
2008-08-11,3.35899997
2008-08-12,3.23499990
2008-08-13,3.36700010
2008-08-14,3.32299995
2008-08-15,3.34249997
2008-08-18,3.35500002
2008-08-19,3.44749999
2008-08-20,3.41000009
2008-08-21,3.56100011
2008-08-22,3.50850010
2008-08-25,3.51900005
2008-08-26,3.47849989
2008-08-27,3.50749993
2008-08-28,3.42700005
2008-08-29,3.42950010
2008-09-02,3.32249999
2008-09-03,3.35400009
2008-09-04,3.29699993
2008-09-05,3.12350011
2008-09-08,3.10899997
2008-09-09,3.09500003
2008-09-10,3.12350011
2008-09-11,3.13450003
2008-09-12,3.20900011
2008-09-15,3.18400002
2008-09-16,3.11299992
2008-09-17,3.07100010
2008-09-18,3.09549999
2008-09-19,3.18499994
2008-09-22,3.26600003
2008-09-23,3.16700006
2008-09-24,3.12150002
2008-09-25,3.14549994
2008-09-26,3.07949996
2008-09-29,2.91750002
2008-09-30,2.88800001
2008-10-01,2.79699993
2008-10-02,2.65249991
2008-10-03,2.70499992
2008-10-06,2.50399995
2008-10-07,2.54450011
2008-10-08,2.36649990
2008-10-09,2.42400002
2008-10-10,2.15650010
2008-10-13,2.32800007
2008-10-14,2.40949988
2008-10-15,2.22350001
2008-10-16,2.09899998
2008-10-17,2.18099999
2008-10-20,2.11899996
2008-10-21,2.00699997
2008-10-22,1.85099995
2008-10-23,1.79550004
2008-10-24,1.67499995
2008-10-27,1.78600001
2008-10-28,1.84150004
2008-10-29,2.07150006
2008-10-30,1.88849998
2008-10-31,1.84399998
2008-11-03,1.83749998
2008-11-04,1.95099998
2008-11-05,1.81400001
2008-11-06,1.72249997
2008-11-07,1.69250000
2008-11-10,1.74650002
2008-11-11,1.64250004
2008-11-12,1.64950001
2008-11-13,1.61500001
2008-11-14,1.70150006
2008-11-17,1.64950001
2008-11-18,1.65499997
2008-11-19,1.59449995
2008-11-20,1.56850004
2008-11-21,1.57099998
2008-11-24,1.66600001
2008-11-25,1.64600003
2008-11-26,1.66799998
2008-11-28,1.62349999
2008-12-01,1.60350001
2008-12-02,1.57850003
2008-12-03,1.53349996
2008-12-04,1.45200002
2008-12-05,1.35500002
2008-12-08,1.47800004
2008-12-09,1.42149997
2008-12-10,1.46899998
2008-12-11,1.48650002
2008-12-12,1.40600002
2008-12-15,1.38499999
2008-12-16,1.35450006
2008-12-17,1.34700000
2008-12-18,1.26950002
2008-12-19,1.30499995
2008-12-22,1.31700003
2008-12-23,1.25300002
2008-12-24,1.24749994
2008-12-26,1.27450001
2008-12-29,1.29700005
2008-12-30,1.30700004
2008-12-31,1.39499998
2009-01-02,1.44400001
2009-01-05,1.44200003
2009-01-06,1.56599998
2009-01-07,1.49450004
2009-01-08,1.46300006
2009-01-09,1.54550004
2009-01-12,1.47500002
2009-01-13,1.53250003
2009-01-14,1.47300005
2009-01-15,1.43850005
2009-01-16,1.51349998
2009-01-20,1.49000001
2009-01-21,1.41900003
2009-01-22,1.38100004
2009-01-23,1.45749998
2009-01-26,1.57200003
2009-01-27,1.47000003
2009-01-28,1.48049998
2009-01-29,1.45000005
2009-01-30,1.46200001
2009-02-02,1.42349994
2009-02-03,1.51499999
2009-02-04,1.52400005
2009-02-05,1.49399996
2009-02-06,1.62249994
2009-02-09,1.60650003
2009-02-10,1.57000005
2009-02-11,1.53400004
2009-02-12,1.52950001
2009-02-13,1.53499997
2009-02-17,1.42050004
2009-02-18,1.43350005
2009-02-19,1.46800005
2009-02-20,1.41400003
2009-02-23,1.43449998
2009-02-24,1.48399997
2009-02-25,1.52199996
2009-02-26,1.56500006
2009-02-27,1.52600002
2009-03-02,1.50750005
2009-03-03,1.59599996
2009-03-04,1.68550003
2009-03-05,1.64600003
2009-03-06,1.68050003
2009-03-09,1.62950003
2009-03-10,1.67449999
2009-03-11,1.61600006
2009-03-12,1.61749995
2009-03-13,1.65849996
2009-03-16,1.73950005
2009-03-17,1.71749997
2009-03-18,1.70899999
2009-03-19,1.79799998
2009-03-20,1.78750002
2009-03-23,1.83200002
2009-03-24,1.79849994
2009-03-25,1.79700005
2009-03-26,1.84949994
2009-03-27,1.83350003
2009-03-30,1.76100004
2009-03-31,1.83899999
2009-04-01,1.84549999
2009-04-02,1.88800001
2009-04-03,1.99950004
2009-04-06,1.95850003
2009-04-07,1.99100006
2009-04-08,1.99800003
2009-04-09,2.07049990
2009-04-13,2.12549996
2009-04-14,2.11500001
2009-04-15,2.20350003
2009-04-16,2.18350005
2009-04-17,2.21149993
2009-04-20,2.12849998
2009-04-21,2.11100006
2009-04-22,2.07450008
2009-04-23,2.01300001
2009-04-24,2.07100010
2009-04-27,2.00399995
2009-04-28,1.91400003
2009-04-29,2.00999999
2009-04-30,2.05299997
2009-05-01,2.10150003
2009-05-04,2.14499998
2009-05-05,2.08450007
2009-05-06,2.18849993
2009-05-07,2.16549993
2009-05-08,2.14700007
2009-05-11,2.09349990
2009-05-12,2.08999991
2009-05-13,2.03699994
2009-05-14,2.03500009
2009-05-15,2.02800012
2009-05-18,2.07550001
2009-05-19,2.06949997
2009-05-20,2.10850000
2009-05-21,2.05399990
2009-05-22,2.10249996
2009-05-26,2.14750004
2009-05-27,2.11649990
2009-05-28,2.13549995
2009-05-29,2.19749999
2009-06-01,2.31900001
2009-06-02,2.29649997
2009-06-03,2.21149993
2009-06-04,2.30150008
2009-06-05,2.28099990
2009-06-08,2.24699998
2009-06-09,2.35850000
2009-06-10,2.35999990
2009-06-11,2.43799996
2009-06-12,2.36750007
2009-06-15,2.28150010
2009-06-16,2.25250006
2009-06-17,2.25650001
2009-06-18,2.26699996
2009-06-19,2.24550009
2009-06-22,2.12700009
2009-06-23,2.19400001
2009-06-24,2.26600003
2009-06-25,2.29999995
2009-06-26,2.29349995
2009-06-29,2.31250000
2009-06-30,2.25799990
2009-07-01,2.31500006
2009-07-02,2.28999996
2009-07-06,2.25049996
2009-07-07,2.21399999
2009-07-08,2.14800000
2009-07-09,2.22650003
2009-07-10,2.20050001
2009-07-13,2.21300006
2009-07-14,2.28999996
2009-07-15,2.38249993
2009-07-16,2.38000011
2009-07-17,2.41400003
2009-07-20,2.46000004
2009-07-21,2.44350004
2009-07-22,2.51799989
2009-07-23,2.51900005
2009-07-24,2.51699996
2009-07-27,2.53999996
2009-07-28,2.51500010
2009-07-29,2.47199988
2009-07-30,2.55699992
2009-07-31,2.61649990
2009-08-03,2.73149991
2009-08-04,2.78900003
2009-08-05,2.80649996
2009-08-06,2.74749994
2009-08-07,2.78150010
2009-08-10,2.76650000
2009-08-11,2.73350000
2009-08-12,2.82049990
2009-08-13,2.91050005
2009-08-14,2.83400011
2009-08-17,2.76799989
2009-08-18,2.75950003
2009-08-19,2.75699997
2009-08-20,2.73799992
2009-08-21,2.87899995
2009-08-24,2.91400003
2009-08-25,2.85400009
2009-08-26,2.85549998
2009-08-27,2.84549999
2009-08-28,2.92300010
2009-08-31,2.80800009
2009-09-01,2.79649997
2009-09-02,2.80250001
2009-09-03,2.84349990
2009-09-04,2.84349990
2009-09-08,2.93449998
2009-09-09,2.90599990
2009-09-10,2.85949993
2009-09-11,2.82750010
2009-09-14,2.78699994
2009-09-15,2.82850003
2009-09-16,2.92050004
2009-09-17,2.88000011
2009-09-18,2.77099991
2009-09-21,2.79250002
2009-09-22,2.85249996
2009-09-23,2.79649997
2009-09-24,2.69950008
2009-09-25,2.73099995
2009-09-28,2.71399999
2009-09-29,2.71499991
2009-09-30,2.80900002
2009-10-01,2.72550011
2009-10-02,2.67149997
2009-10-05,2.71799994
2009-10-06,2.77550006
2009-10-07,2.77049994
2009-10-08,2.88700008
2009-10-09,2.82850003
2009-10-12,2.84800005
2009-10-13,2.78600001
2009-10-14,2.83649993
2009-10-15,2.85100007
2009-10-16,2.83750010
2009-10-19,2.95650005
2009-10-20,2.92249990
2009-10-21,3.02649999
2009-10-22,2.98799992
2009-10-23,3.02399993
2009-10-26,2.99950004
2009-10-27,2.98850012
2009-10-28,2.91899991
2009-10-29,3.02099991
2009-10-30,2.94749999
2009-11-02,2.93700004
2009-11-03,2.94799995
2009-11-04,2.98449993
2009-11-05,2.95050001
2009-11-06,2.94549990
2009-11-09,2.96149993
2009-11-10,2.95700002
2009-11-11,2.96149993
2009-11-12,2.94350004
2009-11-13,2.96849990
2009-11-16,3.10050011
2009-11-17,3.10400009
2009-11-18,3.10750008
2009-11-19,3.07800007
2009-11-20,3.10500002
2009-11-23,3.13350010
2009-11-24,3.11199999
2009-11-25,3.16599989
2009-11-27,3.09349990
2009-11-30,3.14849997
2009-12-01,3.20350003
2009-12-02,3.23149991
2009-12-03,3.21950006
2009-12-04,3.21350002
2009-12-07,3.18499994
2009-12-08,3.13949990
2009-12-09,3.09800005
2009-12-10,3.07949996
2009-12-11,3.10999990
2009-12-14,3.13000011
2009-12-15,3.12100005
2009-12-16,3.18600011
2009-12-17,3.11050010
2009-12-18,3.12100005
2009-12-21,3.14050007
2009-12-22,3.11999989
2009-12-23,3.18449998
2009-12-24,3.27099991
2009-12-28,3.31649995
2009-12-29,3.29600000
2009-12-30,3.32550001
2009-12-31,3.32750010
2010-01-04,3.38800001
2010-01-05,3.39599991
2010-01-06,3.47749996
2010-01-07,3.41149998
2010-01-08,3.38800001
2010-01-11,3.42849994
2010-01-12,3.33750010
2010-01-13,3.38750005
2010-01-14,3.37599993
2010-01-15,3.35500002
2010-01-19,3.43700004
2010-01-20,3.34599996
2010-01-21,3.28500009
2010-01-22,3.33850002
2010-01-25,3.38400006
2010-01-26,3.32900000
2010-01-27,3.21449995
2010-01-28,3.08999991
2010-01-29,3.04600000
2010-02-01,3.07850003
2010-02-02,3.08500004
2010-02-03,2.96799994
2010-02-04,2.87549996
2010-02-05,2.85400009
2010-02-08,2.90949988
2010-02-09,2.98350000
2010-02-10,2.98600006
2010-02-11,3.12949991
2010-02-12,3.07900000
2010-02-16,3.21849990
2010-02-17,3.23850012
2010-02-18,3.28500009
2010-02-19,3.35700011
2010-02-22,3.30649996
2010-02-23,3.21399999
2010-02-24,3.23550010
2010-02-25,3.19250011
2010-02-26,3.26850009
2010-03-01,3.33299994
2010-03-02,3.39549994
2010-03-03,3.41899991
2010-03-04,3.36050010
2010-03-05,3.40249991
2010-03-08,3.39650011
2010-03-09,3.39800000
2010-03-10,3.35500002
2010-03-11,3.36599994
2010-03-12,3.36949992
2010-03-15,3.30699992
2010-03-16,3.35700011
2010-03-17,3.41000009
2010-03-18,3.38750005
2010-03-19,3.36450005
2010-03-22,3.37249994
2010-03-23,3.36949992
2010-03-24,3.33649993
2010-03-25,3.37100005
2010-03-26,3.39299989
2010-03-29,3.52950001
2010-03-30,3.55500007
2010-03-31,3.54600000
2010-04-01,3.57699990
2010-04-05,3.62599993
2010-04-06,3.60949993
2010-04-07,3.59200001
2010-04-08,3.58100009
2010-04-09,3.58450007
2010-04-12,3.55949998
2010-04-13,3.59549999
2010-04-14,3.60549998
2010-04-15,3.59649992
2010-04-16,3.51149988
2010-04-19,3.49449992
2010-04-20,3.51200008
2010-04-21,3.53299999
2010-04-22,3.48449993
2010-04-23,3.51149988
2010-04-26,3.52699995
2010-04-27,3.36350012
2010-04-28,3.36750007
2010-04-29,3.33349991
2010-04-30,3.33750010
2010-05-03,3.27850008
2010-05-04,3.16450000
2010-05-05,3.13800001
2010-05-06,3.10349989
2010-05-07,3.13100004
2010-05-10,3.21499991
2010-05-11,3.19400001
2010-05-12,3.17600012
2010-05-13,3.21950006
2010-05-14,3.12299991
2010-05-17,2.92300010
2010-05-18,3.02250004
2010-05-19,2.95000005
2010-05-20,2.93549991
2010-05-21,3.05150008
2010-05-24,3.13649988
2010-05-25,3.03349996
2010-05-26,3.07150006
2010-05-27,3.15149999
2010-05-28,3.09699988
2010-06-01,3.05399990
2010-06-02,3.03200006
2010-06-03,2.93849993
2010-06-04,2.81250000
2010-06-07,2.75900006
2010-06-08,2.77250004
2010-06-09,2.84249997
2010-06-10,2.85549998
2010-06-11,2.89949989
2010-06-14,2.99000001
2010-06-15,3.00250006
2010-06-16,2.99399996
2010-06-17,2.90249991
2010-06-18,2.88100004
2010-06-21,2.93899989
2010-06-22,2.99049997
2010-06-23,2.93400002
2010-06-24,3.00300002
2010-06-25,3.09299994
2010-06-28,3.06850004
2010-06-29,2.91549993
2010-06-30,2.93600011
2010-07-01,2.86500001
2010-07-02,2.90400004
2010-07-06,2.96000004
2010-07-07,3.00550008
2010-07-08,3.00699997
2010-07-09,3.04450011
2010-07-12,2.99950004
2010-07-13,3.00950003
2010-07-14,3.00099993
2010-07-15,3.00500011
2010-07-16,2.92350006
2010-07-19,2.93249989
2010-07-20,2.99749994
2010-07-21,3.08699989
2010-07-22,3.16050005
2010-07-23,3.18499994
2010-07-26,3.22499990
2010-07-27,3.20499992
2010-07-28,3.24000001
2010-07-29,3.28550005
2010-07-30,3.30699992
2010-08-02,3.38499999
2010-08-03,3.35500002
2010-08-04,3.40050006
2010-08-05,3.35050011
2010-08-06,3.33949995
2010-08-09,3.35050011
2010-08-10,3.31100011
2010-08-11,3.25250006
2010-08-12,3.28250003
2010-08-13,3.25149989
2010-08-16,3.27699995
2010-08-17,3.33750010
2010-08-18,3.34899998
2010-08-19,3.31750011
2010-08-20,3.29099989
2010-08-23,3.29150009
2010-08-24,3.23950005
2010-08-25,3.21099997
2010-08-26,3.30550003
2010-08-27,3.36400008
2010-08-30,3.41300011
2010-08-31,3.36100006
2010-09-01,3.46849990
2010-09-02,3.48799992
2010-09-03,3.49349999
2010-09-07,3.46350002
2010-09-08,3.49049997
2010-09-09,3.43350005
2010-09-10,3.39700007
2010-09-13,3.47149992
2010-09-14,3.45950007
2010-09-15,3.45799994
2010-09-16,3.48300004
2010-09-17,3.51349998
2010-09-20,3.49600005
2010-09-21,3.47449994
2010-09-22,3.55850005
2010-09-23,3.58500004
2010-09-24,3.61350012
2010-09-27,3.59349990
2010-09-28,3.63400006
2010-09-29,3.65650010
2010-09-30,3.64599991
2010-10-01,3.68350005
2010-10-04,3.65750003
2010-10-05,3.71900010
2010-10-06,3.74600005
2010-10-07,3.67350006
2010-10-08,3.76650000
2010-10-11,3.77950001
2010-10-12,3.78099990
2010-10-13,3.81399989
2010-10-14,3.80900002
2010-10-15,3.83450007
2010-10-18,3.85050011
2010-10-19,3.75500011
2010-10-20,3.78850007
2010-10-21,3.77550006
2010-10-22,3.79150009
2010-10-25,3.85649991
2010-10-26,3.86350012
2010-10-27,3.77349997
2010-10-28,3.78500009
2010-10-29,3.73200011
2010-11-01,3.77850008
2010-11-02,3.83349991
2010-11-03,3.77950001
2010-11-04,3.90650010
2010-11-05,3.94400001
2010-11-08,3.95250010
2010-11-09,4.03950024
2010-11-10,3.96600008
2010-11-11,4.01800013
2010-11-12,3.88849998
2010-11-15,3.92300010
2010-11-16,3.72399998
2010-11-17,3.72849989
2010-11-18,3.83049989
2010-11-19,3.83299994
2010-11-22,3.74950004
2010-11-23,3.70099998
2010-11-24,3.75550008
2010-11-26,3.75099993
2010-11-29,3.75799990
2010-11-30,3.82299995
2010-12-01,3.94600010
2010-12-02,3.97700000
2010-12-03,3.99499989
2010-12-06,4.00400019
2010-12-07,4.04400015
2010-12-08,4.09450006
2010-12-09,4.08150005
2010-12-10,4.10500002
2010-12-13,4.19950008
2010-12-14,4.20149994
2010-12-15,4.12650013
2010-12-16,4.11049986
2010-12-17,4.15299988
2010-12-20,4.20050001
2010-12-21,4.27050018
2010-12-22,4.26900005
2010-12-23,4.25199986
2010-12-27,4.27500010
2010-12-28,4.32399988
2010-12-29,4.30900002
2010-12-30,4.35650015
2010-12-31,4.43949986
2011-01-03,4.45149994
2011-01-04,4.36350012
2011-01-05,4.40150023
2011-01-06,4.32100010
2011-01-07,4.27250004
2011-01-10,4.25449991
2011-01-11,4.33900023
2011-01-12,4.40199995
2011-01-13,4.36700010
2011-01-14,4.40350008
2011-01-18,4.41849995
2011-01-19,4.36000013
2011-01-20,4.26249981
2011-01-21,4.30000019
2011-01-24,4.34149981
2011-01-25,4.21899986
2011-01-26,4.26049995
2011-01-27,4.33099985
2011-01-28,4.36549997
2011-01-31,4.45100021
2011-02-01,4.53999996
2011-02-02,4.53399992
2011-02-03,4.53499985
2011-02-04,4.57100010
2011-02-07,4.56750011
2011-02-08,4.56799984
2011-02-09,4.51949978
2011-02-10,4.53700018
2011-02-11,4.53100014
2011-02-14,4.62300014
2011-02-15,4.53149986
2011-02-16,4.46600008
2011-02-17,4.48000002
2011-02-18,4.47849989
2011-02-22,4.34549999
2011-02-23,4.27349997
2011-02-24,4.32649994
2011-02-25,4.43599987
2011-02-28,4.47800016
2011-03-01,4.49049997
2011-03-02,4.48000002
2011-03-03,4.47499990
2011-03-04,4.47200012
2011-03-07,4.31300020
2011-03-08,4.32499981
2011-03-09,4.19950008
2011-03-10,4.18450022
2011-03-11,4.19500017
2011-03-14,4.17350006
2011-03-15,4.12500000
2011-03-16,4.18699980
2011-03-17,4.33599997
2011-03-18,4.32950020
2011-03-21,4.27549982
2011-03-22,4.30350018
2011-03-23,4.41849995
2011-03-24,4.41400003
2011-03-25,4.40850019
2011-03-28,4.34049988
2011-03-29,4.33750010
2011-03-30,4.26599979
2011-03-31,4.30000019
2011-04-01,4.25150013
2011-04-04,4.24650002
2011-04-05,4.25799990
2011-04-06,4.36350012
2011-04-07,4.40899992
2011-04-08,4.49499989
2011-04-11,4.45349979
2011-04-12,4.37750006
2011-04-13,4.28849983
2011-04-14,4.27950001
2011-04-15,4.25299978
2011-04-18,4.19399977
2011-04-19,4.22499990
2011-04-20,4.33650017
2011-04-21,4.39799976
2011-04-25,4.30100012
2011-04-26,4.31850004
2011-04-27,4.22849989
2011-04-28,4.24499989
2011-04-29,4.16550016
2011-05-02,4.18249989
2011-05-03,4.23999977
2011-05-04,4.12050009
2011-05-05,3.98550010
2011-05-06,3.96350002
2011-05-09,4.00400019
2011-05-10,4.02950001
2011-05-11,3.90199995
2011-05-12,3.96050000
2011-05-13,3.97499990
2011-05-16,3.98300004
2011-05-17,3.99099994
2011-05-18,4.09950018
2011-05-19,4.04699993
2011-05-20,4.11899996
2011-05-23,3.99000001
2011-05-24,4.01249981
2011-05-25,4.10200024
2011-05-26,4.10699987
2011-05-27,4.17950010
2011-05-31,4.17350006
2011-06-01,4.10300016
2011-06-02,4.08050013
2011-06-03,4.13000011
2011-06-06,4.13700008
2011-06-07,4.14449978
2011-06-08,4.10500002
2011-06-09,4.10349989
2011-06-10,4.05200005
2011-06-13,4.03049994
2011-06-14,4.15399981
2011-06-15,4.12150002
2011-06-16,4.11749983
2011-06-17,4.10300016
2011-06-20,4.07499981
2011-06-21,4.08949995
2011-06-22,4.09000015
2011-06-23,4.04099989
2011-06-24,4.09849977
2011-06-27,4.05149984
2011-06-28,4.09200001
2011-06-29,4.20949984
2011-06-30,4.27199984
2011-07-01,4.29199982
2011-07-05,4.33900023
2011-07-06,4.32649994
2011-07-07,4.43200016
2011-07-08,4.40250015
2011-07-11,4.35850000
2011-07-12,4.38149977
2011-07-13,4.39449978
2011-07-14,4.37200022
2011-07-15,4.40500021
2011-07-18,4.39599991
2011-07-19,4.46049976
2011-07-20,4.42850018
2011-07-21,4.37750006
2011-07-22,4.40450001
2011-07-25,4.40150023
2011-07-26,4.47399998
2011-07-27,4.44049978
2011-07-28,4.46449995
2011-07-29,4.47399998
2011-08-01,4.40399981
2011-08-02,4.38899994
2011-08-03,4.32000017
2011-08-04,4.23099995
2011-08-05,4.11299992
2011-08-08,3.95749998
2011-08-09,3.96700001
2011-08-10,3.88549995
2011-08-11,4.00449991
2011-08-12,4.00950003
2011-08-15,4.03149986
2011-08-16,3.99399996
2011-08-17,4.02899981
2011-08-18,3.96449995
2011-08-19,3.98250008
2011-08-22,3.95600009
2011-08-23,3.99449992
2011-08-24,3.99699998
2011-08-25,4.07900000
2011-08-26,4.09899998
2011-08-29,4.08900023
2011-08-30,4.12300014
2011-08-31,4.18699980
2011-09-01,4.14249992
2011-09-02,4.10699987
2011-09-06,4.03950024
2011-09-07,4.11549997
2011-09-08,4.12799978
2011-09-09,3.98749995
2011-09-12,3.95050001
2011-09-13,3.95600009
2011-09-14,3.88499999
2011-09-15,3.94499993
2011-09-16,3.92000008
2011-09-19,3.77150011
2011-09-20,3.71650004
2011-09-21,3.75349998
2011-09-22,3.48049998
2011-09-23,3.27200007
2011-09-26,3.27500010
2011-09-27,3.42950010
2011-09-28,3.23600006
2011-09-29,3.23699999
2011-09-30,3.14499998
2011-10-03,3.14000010
2011-10-04,3.09450006
2011-10-05,3.09750009
2011-10-06,3.23900008
2011-10-07,3.26650000
2011-10-10,3.36199999
2011-10-11,3.28749990
2011-10-12,3.39050007
2011-10-13,3.30250001
2011-10-14,3.40499997
2011-10-17,3.37350011
2011-10-18,3.35549998
2011-10-19,3.25399995
2011-10-20,3.05450010
2011-10-21,3.21900010
2011-10-24,3.44700003
2011-10-25,3.41899991
2011-10-26,3.48799992
2011-10-27,3.68899989
2011-10-28,3.70199990
2011-10-31,3.62899995
2011-11-01,3.49850011
2011-11-02,3.57850003
2011-11-03,3.58450007
2011-11-04,3.56299996
2011-11-07,3.53299999
2011-11-08,3.53200006
2011-11-09,3.43899989
2011-11-10,3.37249994
2011-11-11,3.46199989
2011-11-14,3.48550010
2011-11-15,3.49900007
2011-11-16,3.48200011
2011-11-17,3.38199997
2011-11-18,3.40199995
2011-11-21,3.29900002
2011-11-22,3.33049989
2011-11-23,3.27749991
2011-11-25,3.26799989
2011-11-28,3.35850000
2011-11-29,3.37599993
2011-11-30,3.56299996
2011-12-01,3.52200007
2011-12-02,3.57249999
2011-12-05,3.60400009
2011-12-06,3.56550002
2011-12-07,3.54500008
2011-12-08,3.48950005
2011-12-09,3.54699993
2011-12-12,3.45449996
2011-12-13,3.43249989
2011-12-14,3.27099991
2011-12-15,3.25950003
2011-12-16,3.32399988
2011-12-19,3.30100012
2011-12-20,3.36299992
2011-12-21,3.38899994
2011-12-22,3.40899992
2011-12-23,3.46350002
2011-12-27,3.40400004
2011-12-28,3.35999990
2011-12-29,3.36549997
2011-12-30,3.43149996
2012-01-03,3.52500010
2012-01-04,3.42950010
2012-01-05,3.42249990
2012-01-06,3.43099999
2012-01-09,3.41249990
2012-01-10,3.50999999
2012-01-11,3.54150009
2012-01-12,3.64400005
2012-01-13,3.63199997
2012-01-17,3.72600007
2012-01-18,3.74699998
2012-01-19,3.79749990
2012-01-20,3.74099994
2012-01-23,3.79450011
2012-01-24,3.80399990
2012-01-25,3.82500005
2012-01-26,3.89700007
2012-01-27,3.88350010
2012-01-30,3.82200003
2012-01-31,3.78749990
2012-02-01,3.83850002
2012-02-02,3.77699995
2012-02-03,3.89700007
2012-02-06,3.85899997
2012-02-07,3.87249994
2012-02-08,3.90599990
2012-02-09,3.97449994
2012-02-10,3.85949993
2012-02-13,3.83699989
2012-02-14,3.81150007
2012-02-15,3.79800010
2012-02-16,3.78800011
2012-02-17,3.70499992
2012-02-21,3.83349991
2012-02-22,3.82999992
2012-02-23,3.80450010
2012-02-24,3.86249995
2012-02-27,3.88000011
2012-02-28,3.91199994
2012-02-29,3.87050009
2012-03-01,3.92449999
2012-03-02,3.89549994
2012-03-05,3.85249996
2012-03-06,3.73099995
2012-03-07,3.76049995
2012-03-08,3.78600001
2012-03-09,3.85249996
2012-03-12,3.83150005
2012-03-13,3.89650011
2012-03-14,3.84200001
2012-03-15,3.89199996
2012-03-16,3.87400007
2012-03-19,3.90599990
2012-03-20,3.82800007
2012-03-21,3.84949994
2012-03-22,3.76749992
2012-03-23,3.80949998
2012-03-26,3.88549995
2012-03-27,3.87899995
2012-03-28,3.78699994
2012-03-29,3.79399991
2012-03-30,3.82399988
2012-04-02,3.91849995
2012-04-03,3.91549993
2012-04-04,3.78550005
2012-04-05,3.79150009
2012-04-09,3.71600008
2012-04-10,3.64599991
2012-04-11,3.63599992
2012-04-12,3.71650004
2012-04-13,3.62299991
2012-04-16,3.62400007
2012-04-17,3.64400005
2012-04-18,3.62800002
2012-04-19,3.62649989
2012-04-20,3.69600010
2012-04-23,3.62299991
2012-04-24,3.67149997
2012-04-25,3.70050001
2012-04-26,3.76799989
2012-04-27,3.81999993
2012-04-30,3.83349991
2012-05-01,3.83999991
2012-05-02,3.78550005
2012-05-03,3.73350000
2012-05-04,3.72399998
2012-05-07,3.77749991
2012-05-08,3.68549991
2012-05-09,3.66950011
2012-05-10,3.69149995
2012-05-11,3.64849997
2012-05-14,3.55699992
2012-05-15,3.52200007
2012-05-16,3.48499990
2012-05-17,3.47950006
2012-05-18,3.46950006
2012-05-21,3.50399995
2012-05-22,3.48749995
2012-05-23,3.39800000
2012-05-24,3.42899990
2012-05-25,3.44799995
2012-05-29,3.46350002
2012-05-30,3.38649988
2012-05-31,3.36249995
2012-06-01,3.30999994
2012-06-04,3.30399990
2012-06-05,3.28850007
2012-06-06,3.37899995
2012-06-07,3.36949992
2012-06-08,3.28349996
2012-06-11,3.34500003
2012-06-12,3.33400011
2012-06-13,3.33999991
2012-06-14,3.35400009
2012-06-15,3.38499999
2012-06-18,3.39599991
2012-06-19,3.43249989
2012-06-20,3.38649988
2012-06-21,3.29500008
2012-06-22,3.30500007
2012-06-25,3.31399989
2012-06-26,3.31550002
2012-06-27,3.34649992
2012-06-28,3.32599998
2012-06-29,3.49000001
2012-07-02,3.46499991
2012-07-03,3.53449988
2012-07-05,3.48799992
2012-07-06,3.40450001
2012-07-09,3.42600012
2012-07-10,3.39299989
2012-07-11,3.44300008
2012-07-12,3.41149998
2012-07-13,3.50049996
2012-07-16,3.48099995
2012-07-17,3.45300007
2012-07-18,3.47300005
2012-07-19,3.53399992
2012-07-20,3.44849992
2012-07-23,3.38150001
2012-07-24,3.35299993
2012-07-25,3.37500000
2012-07-26,3.39400005
2012-07-27,3.42600012
2012-07-30,3.41499996
2012-07-31,3.41950011
2012-08-01,3.37649989
2012-08-02,3.29250002
2012-08-03,3.37100005
2012-08-06,3.39299989
2012-08-07,3.44499993
2012-08-08,3.42750001
2012-08-09,3.43700004
2012-08-10,3.40899992
2012-08-13,3.35850000
2012-08-14,3.35949993
2012-08-15,3.35150003
2012-08-16,3.38599992
2012-08-17,3.42199993
2012-08-20,3.37350011
2012-08-21,3.45650005
2012-08-22,3.46000004
2012-08-23,3.49600005
2012-08-24,3.48799992
2012-08-27,3.48449993
2012-08-28,3.47000003
2012-08-29,3.46250010
2012-08-30,3.44050002
2012-08-31,3.45400000
2012-09-04,3.46849990
2012-09-05,3.53200006
2012-09-06,3.52349997
2012-09-07,3.65599990
2012-09-10,3.70000005
2012-09-11,3.71449995
2012-09-12,3.71000004
2012-09-13,3.72700000
2012-09-14,3.85150003
2012-09-17,3.80999994
2012-09-18,3.80250001
2012-09-19,3.82900000
2012-09-20,3.77250004
2012-09-21,3.80349994
2012-09-24,3.74550009
2012-09-25,3.77349997
2012-09-26,3.71399999
2012-09-27,3.74799991
2012-09-28,3.77300000
2012-10-01,3.79299998
2012-10-02,3.80699992
2012-10-03,3.79399991
2012-10-04,3.79399991
2012-10-05,3.78600001
2012-10-08,3.72700000
2012-10-09,3.72900009
2012-10-10,3.72900009
2012-10-11,3.75900006
2012-10-12,3.71449995
2012-10-15,3.71149993
2012-10-16,3.70799994
2012-10-17,3.75250006
2012-10-18,3.74699998
2012-10-19,3.64849997
2012-10-22,3.62549996
2012-10-23,3.57599998
2012-10-24,3.57599998
2012-10-25,3.56450009
2012-10-26,3.56349993
2012-10-31,3.52699995
2012-11-01,3.55500007
2012-11-02,3.48300004
2012-11-05,3.47049999
2012-11-06,3.50600004
2012-11-07,3.44300008
2012-11-08,3.47049999
2012-11-09,3.44950008
2012-11-12,3.47300005
2012-11-13,3.47300005
2012-11-14,3.45549989
2012-11-15,3.46449995
2012-11-16,3.45350003
2012-11-19,3.52749991
2012-11-20,3.51500010
2012-11-21,3.49600005
2012-11-23,3.52749991
2012-11-26,3.53600001
2012-11-27,3.53649998
2012-11-28,3.52200007
2012-11-29,3.58850002
2012-11-30,3.62949991
2012-12-03,3.64000010
2012-12-04,3.63350010
2012-12-05,3.66700006
2012-12-06,3.62700009
2012-12-07,3.64750004
2012-12-10,3.69050002
2012-12-11,3.67100000
2012-12-12,3.70000005
2012-12-13,3.64450002
2012-12-14,3.66499996
2012-12-17,3.64899993
2012-12-18,3.63649988
2012-12-19,3.59500003
2012-12-20,3.52500010
2012-12-21,3.55550003
2012-12-24,3.53399992
2012-12-26,3.58299994
2012-12-27,3.58999991
2012-12-28,3.57750010
2012-12-31,3.64100003
2013-01-02,3.72449994
2013-01-03,3.70149994
2013-01-04,3.67849994
2013-01-07,3.66300011
2013-01-08,3.65700006
2013-01-09,3.65650010
2013-01-10,3.69449997
2013-01-11,3.63949990
2013-01-14,3.61949992
2013-01-15,3.62299991
2013-01-16,3.59100008
2013-01-17,3.64700007
2013-01-18,3.66350007
2013-01-22,3.69099998
2013-01-23,3.67100000
2013-01-24,3.66450000
2013-01-25,3.63949990
2013-01-28,3.64899993
2013-01-29,3.67750001
2013-01-30,3.74000001
2013-01-31,3.72350001
2013-02-01,3.77550006
2013-02-04,3.75850010
2013-02-05,3.76149988
2013-02-06,3.73350000
2013-02-07,3.72000003
2013-02-08,3.75349998
2013-02-11,3.71799994
2013-02-12,3.73650002
2013-02-13,3.73399997
2013-02-14,3.73000002
2013-02-15,3.73099995
2013-02-19,3.64450002
2013-02-20,3.60549998
2013-02-21,3.55049992
2013-02-22,3.52999997
2013-02-25,3.54099989
2013-02-26,3.56649995
2013-02-27,3.54500008
2013-02-28,3.52749991
2013-03-01,3.48149991
2013-03-04,3.48300004
2013-03-05,3.49650002
2013-03-06,3.47399998
2013-03-07,3.50149989
2013-03-08,3.49149990
2013-03-11,3.50000000
2013-03-12,3.53800011
2013-03-13,3.50950003
2013-03-14,3.52349997
2013-03-15,3.50799990
2013-03-18,3.41700006
2013-03-19,3.39549994
2013-03-20,3.43549991
2013-03-21,3.42300010
2013-03-22,3.45400000
2013-03-25,3.43499994
2013-03-26,3.43249989
2013-03-27,3.43499994
2013-03-28,3.39499998
2013-04-01,3.36750007
2013-04-02,3.37199998
2013-04-03,3.32550001
2013-04-04,3.34549999
2013-04-05,3.33999991
2013-04-08,3.36800003
2013-04-09,3.43799996
2013-04-10,3.41400003
2013-04-11,3.42799997
2013-04-12,3.34899998
2013-04-15,3.27999997
2013-04-16,3.30649996
2013-04-17,3.18799996
2013-04-18,3.20449996
2013-04-19,3.15149999
2013-04-22,3.13199997
2013-04-23,3.09400010
2013-04-24,3.15799999
2013-04-25,3.23799992
2013-04-26,3.18499994
2013-04-29,3.22550011
2013-04-30,3.18750000
2013-05-01,3.08249998
2013-05-02,3.10450006
2013-05-03,3.31349993
2013-05-06,3.30999994
2013-05-07,3.30049992
2013-05-08,3.37100005
2013-05-09,3.34150004
2013-05-10,3.35599995
2013-05-13,3.36199999
2013-05-14,3.29049993
2013-05-15,3.26699996
2013-05-16,3.29200006
2013-05-17,3.32100010
2013-05-20,3.35700011
2013-05-21,3.33899999
2013-05-22,3.37750006
2013-05-23,3.29949999
2013-05-24,3.29150009
2013-05-28,3.31150007
2013-05-29,3.29099989
2013-05-30,3.31049991
2013-05-31,3.28900003
2013-06-03,3.32699990
2013-06-04,3.36500001
2013-06-05,3.36700010
2013-06-06,3.31599998
2013-06-07,3.26600003
2013-06-10,3.23900008
2013-06-11,3.19300008
2013-06-12,3.22499990
2013-06-13,3.18499994
2013-06-14,3.20449996
2013-06-17,3.20199990
2013-06-18,3.15700006
2013-06-19,3.14350009
2013-06-20,3.06150007
2013-06-21,3.09649992
2013-06-24,3.02600002
2013-06-25,3.07100010
2013-06-26,3.04099989
2013-06-27,3.05250001
2013-06-28,3.05049992
2013-07-01,3.15499997
2013-07-02,3.14199996
2013-07-03,3.17400002
2013-07-05,3.07999992
2013-07-08,3.11150002
2013-07-09,3.07599998
2013-07-10,3.10100007
2013-07-11,3.18350005
2013-07-12,3.17050004
2013-07-15,3.16100001
2013-07-16,3.19950008
2013-07-17,3.14050007
2013-07-18,3.14249992
2013-07-19,3.15000010
2013-07-22,3.18950009
2013-07-23,3.19799995
2013-07-24,3.18149996
2013-07-25,3.18849993
2013-07-26,3.10899997
2013-07-29,3.11649990
2013-07-30,3.04099989
2013-07-31,3.11849999
2013-08-01,3.16400003
2013-08-02,3.16950011
2013-08-05,3.16700006
2013-08-06,3.17199993
2013-08-07,3.17750001
2013-08-08,3.27049994
2013-08-09,3.30850005
2013-08-12,3.30649996
2013-08-13,3.31850004
2013-08-14,3.34050012
2013-08-15,3.33800006
2013-08-16,3.36450005
2013-08-19,3.33649993
2013-08-20,3.33949995
2013-08-21,3.31150007
2013-08-22,3.33299994
2013-08-23,3.35200000
2013-08-26,3.32200003
2013-08-27,3.33249998
2013-08-28,3.30699992
2013-08-29,3.24399996
2013-08-30,3.22499990
2013-09-03,3.29649997
2013-09-04,3.23650002
2013-09-05,3.24099994
2013-09-06,3.25799990
2013-09-09,3.27550006
2013-09-10,3.26149988
2013-09-11,3.25650001
2013-09-12,3.21250010
2013-09-13,3.20700002
2013-09-16,3.22700000
2013-09-17,3.22799993
2013-09-18,3.28349996
2013-09-19,3.34999990
2013-09-20,3.32750010
2013-09-23,3.30800009
2013-09-24,3.26550007
2013-09-25,3.28049994
2013-09-26,3.30399990
2013-09-27,3.32550001
2013-09-30,3.32100010
2013-10-01,3.27200007
2013-10-02,3.31150007
2013-10-03,3.26200008
2013-10-04,3.29349995
2013-10-07,3.28950000
2013-10-08,3.28200006
2013-10-09,3.22149992
2013-10-10,3.24099994
2013-10-11,3.26500010
2013-10-14,3.29999995
2013-10-15,3.30399990
2013-10-16,3.30049992
2013-10-17,3.28900003
2013-10-18,3.29299998
2013-10-21,3.29600000
2013-10-22,3.32850003
2013-10-23,3.26650000
2013-10-24,3.26099992
2013-10-25,3.26550007
2013-10-28,3.26099992
2013-10-29,3.27550006
2013-10-30,3.32049990
2013-10-31,3.29450011
2013-11-01,3.29349995
2013-11-04,3.24749994
2013-11-05,3.25250006
2013-11-06,3.23499990
2013-11-07,3.24900007
2013-11-08,3.25300002
2013-11-11,3.26200008
2013-11-12,3.23650002
2013-11-13,3.16400003
2013-11-14,3.16100001
2013-11-15,3.17300010
2013-11-18,3.15350008
2013-11-19,3.16199994
2013-11-20,3.16149998
2013-11-21,3.19749999
2013-11-22,3.22650003
2013-11-25,3.23900008
2013-11-26,3.22900009
2013-11-27,3.20050001
2013-11-29,3.23049998
2013-12-02,3.21749997
2013-12-03,3.20099998
2013-12-04,3.27150011
2013-12-05,3.26149988
2013-12-06,3.26950002
2013-12-09,3.29550004
2013-12-10,3.30150008
2013-12-11,3.33150005
2013-12-12,3.33200002
2013-12-13,3.35200000
2013-12-16,3.37599993
2013-12-17,3.36700010
2013-12-18,3.36100006
2013-12-19,3.34050012
2013-12-20,3.34800005
2013-12-23,3.35050011
2013-12-24,3.41750002
2013-12-26,3.44950008
2013-12-27,3.47000003
2013-12-30,3.42050004
2013-12-31,3.44149995
2014-01-02,3.43149996
2014-01-03,3.40599990
2014-01-06,3.41199994
2014-01-07,3.41100001
2014-01-08,3.39350009
2014-01-09,3.35400009
2014-01-10,3.38700008
2014-01-13,3.40000010
2014-01-14,3.38800001
2014-01-15,3.40650010
2014-01-16,3.39100003
2014-01-17,3.37849998
2014-01-21,3.39150000
2014-01-22,3.37500000
2014-01-23,3.32249999
2014-01-24,3.30399990
2014-01-27,3.29399991
2014-01-28,3.28550005
2014-01-29,3.26799989
2014-01-30,3.23799992
2014-01-31,3.22049999
2014-02-03,3.19950008
2014-02-04,3.21700001
2014-02-05,3.21449995
2014-02-06,3.25900006
2014-02-07,3.27099991
2014-02-10,3.27200007
2014-02-11,3.26999998
2014-02-12,3.31550002
2014-02-13,3.30699992
2014-02-14,3.32049990
2014-02-18,3.34050012
2014-02-19,3.33550000
2014-02-20,3.32399988
2014-02-21,3.33599997
2014-02-24,3.35899997
2014-02-25,3.33800006
2014-02-26,3.26950002
2014-02-27,3.23650002
2014-02-28,3.23850012
2014-03-03,3.22049999
2014-03-04,3.26149988
2014-03-05,3.25300002
2014-03-06,3.27550006
2014-03-07,3.15650010
2014-03-10,3.11050010
2014-03-11,3.03099990
2014-03-12,3.02600002
2014-03-13,2.99049997
2014-03-14,3.01300001
2014-03-17,3.00200009
2014-03-18,2.99449992
2014-03-19,3.02800012
2014-03-20,2.97600007
2014-03-21,2.99399996
2014-03-24,2.98950005
2014-03-25,3.04550004
2014-03-26,3.01049995
2014-03-27,3.03649998
2014-03-28,3.05900002
2014-03-31,3.04649997
2014-04-01,3.05500007
2014-04-02,3.06500006
2014-04-03,3.04699993
2014-04-04,3.04299998
2014-04-07,3.06349993
2014-04-08,3.07649994
2014-04-09,3.06599998
2014-04-10,3.06800008
2014-04-11,3.06599998
2014-04-14,3.06699991
2014-04-15,3.01650000
2014-04-16,3.05049992
2014-04-17,3.06949997
2014-04-21,3.06800008
2014-04-22,3.07850003
2014-04-23,3.08200002
2014-04-24,3.13649988
2014-04-25,3.12700009
2014-04-28,3.10850000
2014-04-29,3.07249999
2014-04-30,3.02950001
2014-05-01,3.02900004
2014-05-02,3.08150005
2014-05-05,3.07100010
2014-05-06,3.07500005
2014-05-07,3.05049992
2014-05-08,3.08249998
2014-05-09,3.10050011
2014-05-12,3.16650009
2014-05-13,3.14949989
2014-05-14,3.17400002
2014-05-15,3.16199994
2014-05-16,3.16100001
2014-05-19,3.17950010
2014-05-20,3.15599990
2014-05-21,3.13050008
2014-05-22,3.15199995
2014-05-23,3.18000007
2014-05-27,3.19350004
2014-05-28,3.18849993
2014-05-29,3.15350008
2014-05-30,3.13599992
2014-06-02,3.17899990
2014-06-03,3.14549994
2014-06-04,3.09349990
2014-06-05,3.09100008
2014-06-06,3.05299997
2014-06-09,3.04550004
2014-06-10,3.05500007
2014-06-11,3.04200006
2014-06-12,3.01699996
2014-06-13,3.03049994
2014-06-16,3.04699993
2014-06-17,3.05749989
2014-06-18,3.05550003
2014-06-19,3.07500005
2014-06-20,3.11750007
2014-06-23,3.14549994
2014-06-24,3.14650011
2014-06-25,3.16050005
2014-06-26,3.16100001
2014-06-27,3.14899993
2014-06-30,3.18799996
2014-07-01,3.19099998
2014-07-02,3.25250006
2014-07-03,3.26500010
2014-07-07,3.24850011
2014-07-08,3.24300003
2014-07-09,3.23650002
2014-07-10,3.25600004
2014-07-11,3.25850010
2014-07-14,3.23850012
2014-07-15,3.23850012
2014-07-16,3.20499992
2014-07-17,3.20900011
2014-07-18,3.17400002
2014-07-21,3.18650007
2014-07-22,3.19549990
2014-07-23,3.19499993
2014-07-24,3.25399995
2014-07-25,3.22700000
2014-07-28,3.23099995
2014-07-29,3.20950007
2014-07-30,3.23250008
2014-07-31,3.22300005
2014-08-01,3.20650005
2014-08-04,3.23650002
2014-08-05,3.19899988
2014-08-06,3.16249990
2014-08-07,3.17050004
2014-08-08,3.16599989
2014-08-11,3.16700006
2014-08-12,3.14899993
2014-08-13,3.10599995
2014-08-14,3.08550000
2014-08-15,3.09699988
2014-08-18,3.10299993
2014-08-19,3.08550000
2014-08-20,3.17400002
2014-08-21,3.17199993
2014-08-22,3.19899988
2014-08-25,3.21350002
2014-08-26,3.18199992
2014-08-27,3.17449999
2014-08-28,3.12649989
2014-08-29,3.13499999
2014-09-02,3.13450003
2014-09-03,3.11150002
2014-09-04,3.13849998
2014-09-05,3.15799999
2014-09-08,3.15750003
2014-09-09,3.09450006
2014-09-10,3.10450006
2014-09-11,3.08699989
2014-09-12,3.10200000
2014-09-15,3.08100009
2014-09-16,3.16000009
2014-09-17,3.14150000
2014-09-18,3.09249997
2014-09-19,3.08850002
2014-09-22,3.03800011
2014-09-23,3.03449988
2014-09-24,3.05949998
2014-09-25,3.05999994
2014-09-26,3.02900004
2014-09-29,3.05299997
2014-09-30,3.00550008
2014-10-01,3.03349996
2014-10-02,2.99650002
2014-10-03,2.99449992
2014-10-06,3.03049994
2014-10-07,3.03449988
2014-10-08,3.00000000
2014-10-09,3.02800012
2014-10-10,3.03200006
2014-10-13,3.03649998
2014-10-14,3.08500004
2014-10-15,3.00449991
2014-10-16,2.97849989
2014-10-17,3.00099993
2014-10-20,2.99049997
2014-10-21,3.03099990
2014-10-22,3.02250004
2014-10-23,3.04999995
2014-10-24,3.05100012
2014-10-27,3.07800007
2014-10-28,3.10850000
2014-10-29,3.11199999
2014-10-30,3.07200003
2014-10-31,3.06100011
2014-11-03,3.07949996
2014-11-04,3.03349996
2014-11-05,3.02250004
2014-11-06,3.03049994
2014-11-07,3.05250001
2014-11-10,3.02749991
2014-11-11,3.04150009
2014-11-12,3.03449988
2014-11-13,2.99950004
2014-11-14,3.05800009
2014-11-17,3.04949999
2014-11-18,3.01099992
2014-11-19,3.04699993
2014-11-20,3.02749991
2014-11-21,3.03500009
2014-11-24,3.00399995
2014-11-25,2.96099997
2014-11-26,2.96000004
2014-11-28,2.85999990
2014-12-01,2.93050003
2014-12-02,2.91350007
2014-12-03,2.89299989
2014-12-04,2.93249989
2014-12-05,2.92549992
2014-12-08,2.91050005
2014-12-09,2.94650006
2014-12-10,2.91400003
2014-12-11,2.94099998
2014-12-12,2.94650006
2014-12-15,2.89800000
2014-12-16,2.87750006
2014-12-17,2.88750005
2014-12-18,2.87249994
2014-12-19,2.90799999
2014-12-22,2.90350008
2014-12-23,2.90199995
2014-12-24,2.87450004
2014-12-26,2.83550000
2014-12-29,2.83800006
2014-12-30,2.86899996
2014-12-31,2.83850002
2015-01-02,2.83850002
2015-01-05,2.79299998
2015-01-06,2.80399990
2015-01-07,2.79600000
2015-01-08,2.80699992
2015-01-09,2.79049993
2015-01-12,2.76300001
2015-01-13,2.67899990
2015-01-14,2.55299997
2015-01-15,2.61100006
2015-01-16,2.65400004
2015-01-20,2.61549997
2015-01-21,2.61500001
2015-01-22,2.60050011
2015-01-23,2.53749990
2015-01-26,2.57349992
2015-01-27,2.51349998
2015-01-28,2.52150011
2015-01-29,2.47049999
2015-01-30,2.52800012
2015-02-02,2.51099992
2015-02-03,2.59999990
2015-02-04,2.61199999
2015-02-05,2.61199999
2015-02-06,2.60299993
2015-02-09,2.59899998
2015-02-10,2.56250000
2015-02-11,2.55250001
2015-02-12,2.60899997
2015-02-13,2.61350012
2015-02-17,2.59450006
2015-02-18,2.63949990
2015-02-19,2.64150000
2015-02-20,2.61050010
2015-02-23,2.63949990
2015-02-24,2.71149993
2015-02-25,2.70749998
2015-02-26,2.71399999
2015-02-27,2.71600008
2015-03-02,2.71099997
2015-03-03,2.67350006
2015-03-04,2.67700005
2015-03-05,2.67199993
2015-03-06,2.62899995
2015-03-09,2.68700004
2015-03-10,2.63499999
2015-03-11,2.62249994
2015-03-12,2.67449999
2015-03-13,2.67849994
2015-03-16,2.67750001
2015-03-17,2.64150000
2015-03-18,2.58699989
2015-03-19,2.67449999
2015-03-20,2.77500010
2015-03-23,2.80800009
2015-03-24,2.81500006
2015-03-25,2.80500007
2015-03-26,2.82150006
2015-03-27,2.77500010
2015-03-30,2.78749990
2015-03-31,2.74699998
2015-04-01,2.75650001
2015-04-02,2.74799991
2015-04-06,2.73200011
2015-04-07,2.77699995
2015-04-08,2.74850011
2015-04-09,2.74499989
2015-04-10,2.75049996
2015-04-13,2.73699999
2015-04-14,2.71950006
2015-04-15,2.72950006
2015-04-16,2.78550005
2015-04-17,2.78349996
2015-04-20,2.73550010
2015-04-21,2.70499992
2015-04-22,2.66950011
2015-04-23,2.69799995
2015-04-24,2.75200009
2015-04-27,2.77399993
2015-04-28,2.77999997
2015-04-29,2.79500008
2015-04-30,2.88649988
2015-05-01,2.93149996
2015-05-04,2.92400002
2015-05-05,2.94000006
2015-05-06,2.93249989
2015-05-07,2.92600012
2015-05-08,2.93099999
2015-05-11,2.91750002
2015-05-12,2.95050001
2015-05-13,2.95000005
2015-05-14,2.94600010
2015-05-15,2.94899988
2015-05-18,2.93000007
2015-05-19,2.86150002
2015-05-20,2.85150003
2015-05-21,2.87100005
2015-05-22,2.83349991
2015-05-26,2.85349989
2015-05-27,2.81599998
2015-05-28,2.79299998
2015-05-29,2.75950003
2015-06-01,2.74099994
2015-06-02,2.75799990
2015-06-03,2.75049996
2015-06-04,2.71550012
2015-06-05,2.72199988
2015-06-08,2.71600008
2015-06-09,2.74049997
2015-06-10,2.77150011
2015-06-11,2.69300008
2015-06-12,2.69950008
2015-06-15,2.65899992
2015-06-16,2.62649989
2015-06-17,2.62299991
2015-06-18,2.62849998
2015-06-19,2.59200001
2015-06-22,2.58800006
2015-06-23,2.63400006
2015-06-24,2.64650011
2015-06-25,2.64549994
2015-06-26,2.64499998
2015-06-29,2.63849998
2015-06-30,2.62350011
2015-07-01,2.63549995
2015-07-02,2.63450003
2015-07-06,2.54299998
2015-07-07,2.45099998
2015-07-08,2.50399995
2015-07-09,2.55800009
2015-07-10,2.54550004
2015-07-13,2.55550003
2015-07-14,2.54450011
2015-07-15,2.53049994
2015-07-16,2.53150010
2015-07-17,2.50449991
2015-07-20,2.48399997
2015-07-21,2.47749996
2015-07-22,2.43149996
2015-07-23,2.38549995
2015-07-24,2.38150001
2015-07-27,2.35050011
2015-07-28,2.40300012
2015-07-29,2.40799999
2015-07-30,2.38150001
2015-07-31,2.36750007
2015-08-03,2.34750009
2015-08-04,2.36500001
2015-08-05,2.35299993
2015-08-06,2.34800005
2015-08-07,2.34150004
2015-08-10,2.40750003
2015-08-11,2.34100008
2015-08-12,2.36050010
2015-08-13,2.36549997
2015-08-14,2.36400008
2015-08-17,2.33249998
2015-08-18,2.29699993
2015-08-19,2.28299999
2015-08-20,2.32299995
2015-08-21,2.30699992
2015-08-24,2.26900005
2015-08-25,2.32299995
2015-08-26,2.25099993
2015-08-27,2.33400011
2015-08-28,2.34649992
2015-08-31,2.33800006
2015-09-01,2.30250001
2015-09-02,2.33299994
2015-09-03,2.39000010
2015-09-04,2.31949997
2015-09-08,2.43849993
2015-09-09,2.44250011
2015-09-10,2.45449996
2015-09-11,2.46199989
2015-09-14,2.41400003
2015-09-15,2.43600011
2015-09-16,2.46149993
2015-09-17,2.46149993
2015-09-18,2.39700007
2015-09-21,2.39849997
2015-09-22,2.30699992
2015-09-23,2.30550003
2015-09-24,2.31200004
2015-09-25,2.29150009
2015-09-28,2.25600004
2015-09-29,2.25349998
2015-09-30,2.34549999
2015-10-01,2.30749989
2015-10-02,2.32949996
2015-10-05,2.35999990
2015-10-06,2.35899997
2015-10-07,2.37150002
2015-10-08,2.34699988
2015-10-09,2.41700006
2015-10-12,2.41950011
2015-10-13,2.39150000
2015-10-14,2.42000008
2015-10-15,2.42600012
2015-10-16,2.40700006
2015-10-19,2.37150002
2015-10-20,2.36949992
2015-10-21,2.36400008
2015-10-22,2.38450003
2015-10-23,2.34999990
2015-10-26,2.35649991
2015-10-27,2.35800004
2015-10-28,2.35450006
2015-10-29,2.31550002
2015-10-30,2.31349993
2015-11-02,2.31550002
2015-11-03,2.32699990
2015-11-04,2.31949997
2015-11-05,2.25349998
2015-11-06,2.24149990
2015-11-09,2.23000002
2015-11-10,2.21650004
2015-11-11,2.21650004
2015-11-12,2.17300010
2015-11-13,2.17000008
2015-11-16,2.11800003
2015-11-17,2.10549998
2015-11-18,2.07800007
2015-11-19,2.07649994
2015-11-20,2.05399990
2015-11-23,2.01950002
2015-11-24,2.05349994
2015-11-25,2.04450011
2015-11-27,2.05049992
2015-11-30,2.04450011
2015-12-01,2.06649995
2015-12-02,2.02900004
2015-12-03,2.05599999
2015-12-04,2.07399988
2015-12-07,2.04450011
2015-12-08,2.04800010
2015-12-09,2.05999994
2015-12-10,2.06500006
2015-12-11,2.10800004
2015-12-14,2.10400009
2015-12-15,2.05100012
2015-12-16,2.06100011
2015-12-17,2.03449988
2015-12-18,2.10299993
2015-12-21,2.12899995
2015-12-22,2.09699988
2015-12-23,2.11150002
2015-12-24,2.11150002
2015-12-28,2.06649995
2015-12-29,2.12500000
2015-12-30,2.13700008
2015-12-31,2.12549996
2016-01-04,2.07049990
2016-01-05,2.08850002
2016-01-06,2.08049989
2016-01-07,2.01550007
2016-01-08,2.01650000
2016-01-11,1.96749997
2016-01-12,1.95299995
2016-01-13,1.95050001
2016-01-14,1.97099996
2016-01-15,1.93949997
2016-01-19,1.97350001
2016-01-20,1.95599997
2016-01-21,1.99300003
2016-01-22,1.99849999
2016-01-25,1.99549997
2016-01-26,2.03399992
2016-01-27,2.06299996
2016-01-28,2.04900002
2016-01-29,2.06399989
2016-02-01,2.05150008
2016-02-02,2.05200005
2016-02-03,2.09200001
2016-02-04,2.12800002
2016-02-05,2.10050011
2016-02-08,2.08850002
2016-02-09,2.03850007
2016-02-10,2.02500010
2016-02-11,2.00399995
2016-02-12,2.02699995
2016-02-16,2.04900002
2016-02-17,2.07399988
2016-02-18,2.07150006
2016-02-19,2.07550001
2016-02-22,2.11299992
2016-02-23,2.10450006
2016-02-24,2.09500003
2016-02-25,2.06500006
2016-02-26,2.11800003
2016-02-29,2.12849998
2016-03-01,2.14150000
2016-03-02,2.17750001
2016-03-03,2.20449996
2016-03-04,2.27099991
2016-03-07,2.28049994
2016-03-08,2.21849990
2016-03-09,2.23000002
2016-03-10,2.21749997
2016-03-11,2.23850012
2016-03-14,2.23699999
2016-03-15,2.23099995
2016-03-16,2.23149991
2016-03-17,2.28900003
2016-03-18,2.27950001
2016-03-21,2.28950000
2016-03-22,2.28449988
2016-03-23,2.23049998
2016-03-24,2.22449994
2016-03-28,2.24149990
2016-03-29,2.20849991
2016-03-30,2.18700004
2016-03-31,2.18149996
2016-04-01,2.16100001
2016-04-04,2.13800001
2016-04-05,2.13499999
2016-04-06,2.14050007
2016-04-07,2.07450008
2016-04-08,2.08649993
2016-04-11,2.08850002
2016-04-12,2.14499998
2016-04-13,2.16750002
2016-04-14,2.17100000
2016-04-15,2.15199995
2016-04-18,2.16400003
2016-04-19,2.22300005
2016-04-20,2.24200010
2016-04-21,2.25200009
2016-04-22,2.26900005
2016-04-25,2.25850010
2016-04-26,2.24850011
2016-04-27,2.22049999
2016-04-28,2.22449994
2016-04-29,2.27900004
2016-05-02,2.26149988
2016-05-03,2.21449995
2016-05-04,2.18300009
2016-05-05,2.15100002
2016-05-06,2.15100002
2016-05-09,2.10400009
2016-05-10,2.08999991
2016-05-11,2.10100007
2016-05-12,2.07299995
2016-05-13,2.07500005
2016-05-16,2.09100008
2016-05-17,2.09200001
2016-05-18,2.08150005
2016-05-19,2.06299996
2016-05-20,2.05850005
2016-05-23,2.05749989
2016-05-24,2.06949997
2016-05-25,2.10500002
2016-05-26,2.10649991
2016-05-27,2.11400008
2016-05-31,2.09750009
2016-06-01,2.07249999
2016-06-02,2.06949997
2016-06-03,2.11199999
2016-06-06,2.11700010
2016-06-07,2.05100012
2016-06-08,2.06250000
2016-06-09,2.03999996
2016-06-10,2.03150010
2016-06-13,2.05749989
2016-06-14,2.04450011
2016-06-15,2.09349990
2016-06-16,2.04999995
2016-06-17,2.05250001
2016-06-20,2.09349990
2016-06-21,2.11649990
2016-06-22,2.13549995
2016-06-23,2.16350007
2016-06-24,2.11199999
2016-06-27,2.12649989
2016-06-28,2.17000008
2016-06-29,2.18350005
2016-06-30,2.19449997
2016-07-01,2.21499991
2016-07-05,2.18149996
2016-07-06,2.15149999
2016-07-07,2.12249994
2016-07-08,2.11849999
2016-07-11,2.14700007
2016-07-12,2.21099997
2016-07-13,2.23799992
2016-07-14,2.24099994
2016-07-15,2.23049998
2016-07-18,2.23399997
2016-07-19,2.26149988
2016-07-20,2.25200009
2016-07-21,2.25600004
2016-07-22,2.23399997
2016-07-25,2.21600008
2016-07-26,2.22499990
2016-07-27,2.18499994
2016-07-28,2.20600009
2016-07-29,2.22049999
2016-08-01,2.19650006
2016-08-02,2.20650005
2016-08-03,2.19600010
2016-08-04,2.17400002
2016-08-05,2.15300012
2016-08-08,2.16400003
2016-08-09,2.14949989
2016-08-10,2.17050004
2016-08-11,2.19000006
2016-08-12,2.14050007
2016-08-15,2.15149999
2016-08-16,2.17199993
2016-08-17,2.15199995
2016-08-18,2.16700006
2016-08-19,2.16650009
2016-08-22,2.14000010
2016-08-23,2.11500001
2016-08-24,2.07599998
2016-08-25,2.07550001
2016-08-26,2.07500005
2016-08-29,2.07249999
2016-08-30,2.06900001
2016-08-31,2.06949997
2016-09-01,2.06850004
2016-09-02,2.07150006
2016-09-06,2.08400011
2016-09-07,2.09299994
2016-09-08,2.09599996
2016-09-09,2.08850002
2016-09-12,2.09599996
2016-09-13,2.09549999
2016-09-14,2.14800000
2016-09-15,2.15199995
2016-09-16,2.15149999
2016-09-19,2.14899993
2016-09-20,2.15549994
2016-09-21,2.14499998
2016-09-22,2.18750000
2016-09-23,2.19250011
2016-09-26,2.19000006
2016-09-27,2.16149998
2016-09-28,2.17950010
2016-09-29,2.18099999
2016-09-30,2.20199990
2016-10-03,2.18350005
2016-10-04,2.15849996
2016-10-05,2.15599990
2016-10-06,2.14800000
2016-10-07,2.15650010
2016-10-11,2.17849994
2016-10-12,2.16950011
2016-10-13,2.11500001
2016-10-14,2.10349989
2016-10-17,2.09949994
2016-10-18,2.09800005
2016-10-19,2.09699988
2016-10-20,2.09050012
2016-10-21,2.08349991
2016-10-24,2.08750010
2016-10-25,2.13249993
2016-10-26,2.13949990
2016-10-27,2.16549993
2016-10-28,2.18849993
2016-10-31,2.20050001
2016-11-01,2.22449994
2016-11-02,2.22600007
2016-11-03,2.24449992
2016-11-04,2.26099992
2016-11-07,2.30649996
2016-11-08,2.37899995
2016-11-09,2.45900011
2016-11-10,2.54949999
2016-11-14,2.51850009
2016-11-15,2.50200009
2016-11-16,2.46499991
2016-11-17,2.48749995
2016-11-18,2.46399999
2016-11-21,2.51250005
2016-11-22,2.54250002
2016-11-23,2.60599995
2016-11-25,2.66700006
2016-11-28,2.65599990
2016-11-29,2.59500003
2016-11-30,2.62150002
2016-12-01,2.63150001
2016-12-02,2.61500001
2016-12-05,2.68899989
2016-12-06,2.67199993
2016-12-07,2.63700008
2016-12-08,2.61999989
2016-12-09,2.64199996
2016-12-12,2.61299992
2016-12-13,2.59299994
2016-12-14,2.59999990
2016-12-15,2.59599996
2016-12-16,2.56100011
2016-12-19,2.49650002
2016-12-20,2.49950004
2016-12-21,2.49149990
2016-12-22,2.49449992
2016-12-23,2.47250009
2016-12-27,2.50799990
2016-12-28,2.49499989
2016-12-29,2.47900009
2016-12-30,2.49749994
2017-01-03,2.48099995
2017-01-04,2.54800010
2017-01-05,2.52950001
2017-01-06,2.53800011
2017-01-09,2.52999997
2017-01-10,2.60349989
2017-01-11,2.60100007
2017-01-12,2.66050005
2017-01-13,2.68050003
2017-01-17,2.61649990
2017-01-18,2.60800004
2017-01-19,2.60150003
2017-01-20,2.61700010
2017-01-23,2.63949990
2017-01-24,2.70050001
2017-01-25,2.70250010
2017-01-26,2.66599989
2017-01-27,2.68000007
2017-01-30,2.64750004
2017-01-31,2.72149992
2017-02-01,2.70449996
2017-02-02,2.67799997
2017-02-03,2.60949993
2017-02-06,2.64549994
2017-02-07,2.62599993
2017-02-08,2.66050005
2017-02-09,2.64800000
2017-02-10,2.76200008
2017-02-13,2.77649999
2017-02-14,2.73099995
2017-02-15,2.73600006
2017-02-16,2.71600008
2017-02-17,2.70549989
2017-02-21,2.74550009
2017-02-22,2.73250008
2017-02-23,2.64249992
2017-02-24,2.68000007
2017-02-27,2.68750000
2017-02-28,2.70400000
2017-03-01,2.72650003
2017-03-02,2.67950010
2017-03-03,2.68700004
2017-03-06,2.64299989
2017-03-07,2.60949993
2017-03-08,2.59200001
2017-03-09,2.56999993
2017-03-10,2.58649993
2017-03-13,2.61649990
2017-03-14,2.62400007
2017-03-15,2.64549994
2017-03-16,2.66549993
2017-03-17,2.67950010
2017-03-20,2.65549994
2017-03-21,2.60999990
2017-03-22,2.62199998
2017-03-23,2.63649988
2017-03-24,2.62350011
2017-03-27,2.62500000
2017-03-28,2.66899991
2017-03-29,2.67000008
2017-03-30,2.66499996
2017-03-31,2.64650011
2017-04-03,2.59750009
2017-04-04,2.60599995
2017-04-05,2.67549992
2017-04-06,2.65549994
2017-04-07,2.64499998
2017-04-10,2.60200000
2017-04-11,2.60599995
2017-04-12,2.54399991
2017-04-13,2.56949997
2017-04-17,2.59500003
2017-04-18,2.52900004
2017-04-19,2.53349996
2017-04-20,2.54099989
2017-04-21,2.53649998
2017-04-24,2.55349994
2017-04-25,2.58200002
2017-04-26,2.59100008
2017-04-27,2.57999992
2017-04-28,2.59649992
2017-05-01,2.65000010
2017-05-02,2.62500000
2017-05-03,2.53299999
2017-05-04,2.50200009
2017-05-05,2.51950002
2017-05-08,2.48550010
2017-05-09,2.49000001
2017-05-10,2.48699999
2017-05-11,2.50099993
2017-05-12,2.51799989
2017-05-15,2.53299999
2017-05-16,2.54450011
2017-05-17,2.54250002
2017-05-18,2.52649999
2017-05-19,2.57399988
2017-05-22,2.58899999
2017-05-23,2.59050012
2017-05-24,2.57800007
2017-05-25,2.59200001
2017-05-26,2.55949998
2017-05-30,2.56100011
2017-05-31,2.57699990
2017-06-01,2.58450007
2017-06-02,2.57150006
2017-06-05,2.55450010
2017-06-06,2.54450011
2017-06-07,2.54900002
2017-06-08,2.60700011
2017-06-09,2.64599991
2017-06-12,2.61249995
2017-06-13,2.59299994
2017-06-14,2.57049990
2017-06-15,2.56399989
2017-06-16,2.56250000
2017-06-19,2.58949995
2017-06-20,2.55500007
2017-06-21,2.60200000
2017-06-22,2.59800005
2017-06-23,2.62299991
2017-06-26,2.62500000
2017-06-27,2.64650011
2017-06-28,2.66199994
2017-06-29,2.68300009
2017-06-30,2.69899988
2017-07-03,2.68099999
2017-07-05,2.64899993
2017-07-06,2.65149999
2017-07-07,2.63750005
2017-07-10,2.63949990
2017-07-11,2.66450000
2017-07-12,2.67700005
2017-07-13,2.65450001
2017-07-14,2.68400002
2017-07-17,2.71700001
2017-07-18,2.72350001
2017-07-19,2.70300007
2017-07-20,2.70849991
2017-07-21,2.71499991
2017-07-24,2.72900009
2017-07-25,2.84050012
2017-07-26,2.86899996
2017-07-27,2.87400007
2017-07-28,2.87050009
2017-07-31,2.88800001
2017-08-01,2.87899995
2017-08-02,2.88249993
2017-08-03,2.87700009
2017-08-04,2.88499999
2017-08-07,2.90799999
2017-08-08,2.94250011
2017-08-09,2.93000007
2017-08-10,2.90599990
2017-08-11,2.91400003
2017-08-14,2.90650010
2017-08-15,2.88450003
2017-08-16,2.95449996
2017-08-17,2.93799996
2017-08-18,2.94050002
2017-08-21,2.98099995
2017-08-22,2.98650002
2017-08-23,2.98049998
2017-08-24,3.03349996
2017-08-25,3.03299999
2017-08-28,3.06500006
2017-08-29,3.08100009
2017-08-30,3.06450009
2017-08-31,3.07900000
2017-09-01,3.09800005
2017-09-05,3.10750008
2017-09-06,3.13150001
2017-09-07,3.12299991
2017-09-08,3.02150011
2017-09-11,3.04600000
2017-09-12,3.01550007
2017-09-13,2.96099997
2017-09-14,2.93650007
2017-09-15,2.92799997
2017-09-18,2.94899988
2017-09-19,2.94950008
2017-09-20,2.94950008
2017-09-21,2.91400003
2017-09-22,2.92449999
2017-09-25,2.91750002
2017-09-26,2.89750004
2017-09-27,2.91100001
2017-09-28,2.96250010
2017-09-29,2.93750000
2017-10-02,2.93950009
2017-10-03,2.94849992
2017-10-04,2.94449997
2017-10-05,3.03150010
2017-10-06,3.01449990
2017-10-09,3.01699996
2017-10-10,3.04550004
2017-10-11,3.07999992
2017-10-12,3.10400009
2017-10-13,3.11849999
2017-10-16,3.22399998
2017-10-17,3.18050003
2017-10-18,3.16350007
2017-10-19,3.15300012
2017-10-20,3.15149999
2017-10-23,3.17400002
2017-10-24,3.18650007
2017-10-25,3.17149997
2017-10-26,3.16750002
2017-10-27,3.09349990
2017-10-30,3.10200000
2017-10-31,3.09200001
2017-11-01,3.13299990
2017-11-02,3.13549995
2017-11-03,3.11050010
2017-11-06,3.15050006
2017-11-07,3.08249998
2017-11-08,3.09299994
2017-11-09,3.07999992
2017-11-10,3.06949997
2017-11-13,3.11150002
2017-11-14,3.05999994
2017-11-15,3.04900002
2017-11-16,3.04349995
2017-11-17,3.06250000
2017-11-20,3.09050012
2017-11-21,3.12549996
2017-11-22,3.13450003
2017-11-24,3.16599989
2017-11-27,3.13249993
2017-11-28,3.07049990
2017-11-29,3.03999996
2017-11-30,3.03699994
2017-12-01,3.06550002
2017-12-04,3.06299996
2017-12-05,2.92050004
2017-12-06,2.93650007
2017-12-07,2.94050002
2017-12-08,2.95499992
2017-12-11,2.98799992
2017-12-12,2.99950004
2017-12-13,3.02950001
2017-12-14,3.04850006
2017-12-15,3.10999990
2017-12-18,3.12199998
2017-12-19,3.12750006
2017-12-20,3.17149997
2017-12-21,3.19449997
2017-12-22,3.21449995
2017-12-26,3.25600004
2017-12-27,3.25699997
2017-12-28,3.28600001
2017-12-29,3.27950001
2018-01-02,3.25600004
2018-01-03,3.23699999
2018-01-04,3.24250007
2018-01-05,3.20700002
2018-01-08,3.20099998
2018-01-09,3.19449997
2018-01-10,3.21499991
2018-01-11,3.21350002
2018-01-12,3.20000005
2018-01-16,3.19899988
2018-01-17,3.16650009
2018-01-18,3.17700005
2018-01-19,3.16700006
2018-01-22,3.17750001
2018-01-23,3.08949995
2018-01-24,3.20849991
2018-01-25,3.19899988
2018-01-26,3.18249989
2018-01-30,3.17700005
2018-01-31,3.18400002
2018-02-01,3.19700003
2018-02-02,3.17650008
2018-02-05,3.21050000
2018-02-06,3.17750001
2018-02-07,3.07649994
2018-02-08,3.07200003
2018-02-09,3.02449989
2018-02-12,3.07750010
2018-02-13,3.15450001
2018-02-14,3.22849989
2018-02-15,3.23900008
2018-02-16,3.24300003
2018-02-20,3.18600011
2018-02-21,3.21149993
2018-02-22,3.23749995
2018-02-23,3.20849991
2018-02-26,3.19600010
2018-02-27,3.15750003
2018-02-28,3.10750008
2018-03-01,3.09949994
2018-03-02,3.10100007
2018-03-05,3.10549998
2018-03-06,3.13700008
2018-03-07,3.11400008
2018-03-08,3.05850005
2018-03-09,3.11599994
2018-03-12,3.10400009
2018-03-13,3.11899996
2018-03-14,3.14000010
2018-03-15,3.11100006
2018-03-16,3.09299994
2018-03-19,3.06949997
2018-03-20,3.02550006
2018-03-21,3.04850006
2018-03-22,3.01200008
2018-03-23,2.98449993
2018-03-26,2.96050000
2018-03-27,2.99149990
2018-03-28,2.99399996
2018-03-29,3.01900005
2018-04-02,3.04049993
2018-04-03,3.05800009
2018-04-04,3.00699997
2018-04-05,3.06949997
2018-04-06,3.05399990
2018-04-09,3.07150006
2018-04-10,3.13100004
2018-04-11,3.11199999
2018-04-12,3.05999994
2018-04-13,3.06750011
2018-04-16,3.09150004
2018-04-17,3.07500005
2018-04-18,3.15350008
2018-04-19,3.12800002
2018-04-20,3.13150001
2018-04-23,3.10800004
2018-04-24,3.13849998
2018-04-25,3.13199997
2018-04-26,3.11299992
2018-04-27,3.04600000
2018-04-30,3.05250001
2018-05-01,3.01500010
2018-05-02,3.04749990
2018-05-03,3.05900002
2018-05-04,3.06550002
2018-05-07,3.05949998
2018-05-08,3.04049993
2018-05-09,3.03950000
2018-05-10,3.09249997
2018-05-11,3.09500003
2018-05-14,3.07850003
2018-05-15,3.04250002
2018-05-16,3.05850005
2018-05-17,3.07699990
2018-05-18,3.05100012
2018-05-21,3.08550000
2018-05-22,3.11899996
2018-05-23,3.06049991
2018-05-24,3.08550000
2018-05-25,3.06699991
2018-05-29,3.05200005
2018-05-30,3.05949998
2018-05-31,3.05800009
2018-06-01,3.09150004
2018-06-04,3.12649989
2018-06-05,3.19099998
2018-06-06,3.25449991
2018-06-07,3.26799989
2018-06-08,3.29299998
2018-06-11,3.25049996
2018-06-12,3.24250007
2018-06-13,3.24799991
2018-06-14,3.21650004
2018-06-15,3.14100003
2018-06-18,3.10349989
2018-06-19,3.04649997
2018-06-20,3.04649997
2018-06-21,3.02500010
2018-06-22,3.03250003
2018-06-25,2.99200010
2018-06-26,2.99699998
2018-06-27,2.98950005
2018-06-28,2.95350003
2018-06-29,2.95099998
2018-07-02,2.93149996
2018-07-03,2.90599990
2018-07-05,2.81399989
2018-07-06,2.81299996
2018-07-09,2.83899999
2018-07-10,2.82850003
2018-07-11,2.73350000
2018-07-12,2.76799989
2018-07-13,2.76999998
2018-07-16,2.75699997
2018-07-17,2.73950005
2018-07-18,2.75200009
2018-07-19,2.68600011
2018-07-20,2.74600005
2018-07-23,2.73699999
2018-07-24,2.79999995
2018-07-25,2.80599999
2018-07-26,2.80399990
2018-07-27,2.78749990
2018-07-30,2.77900004
2018-07-31,2.81900001
2018-08-01,2.73499990
2018-08-02,2.72700000
2018-08-03,2.75349998
2018-08-06,2.72099996
2018-08-07,2.74099994
2018-08-08,2.74049997
2018-08-09,2.75550008
2018-08-10,2.73250008
2018-08-13,2.72199988
2018-08-14,2.67549992
2018-08-15,2.55699992
2018-08-16,2.61350012
2018-08-17,2.62450004
2018-08-20,2.66350007
2018-08-21,2.68950009
2018-08-22,2.66849995
2018-08-23,2.65249991
2018-08-24,2.69899988
2018-08-27,2.70499992
2018-08-28,2.73399997
2018-08-29,2.70900011
2018-08-30,2.69050002
2018-08-31,2.64899993
2018-09-04,2.58349991
2018-09-05,2.59249997
2018-09-06,2.61849999
2018-09-07,2.60349989
2018-09-10,2.61050010
2018-09-11,2.60400009
2018-09-12,2.65849996
2018-09-13,2.66450000
2018-09-14,2.62750006
2018-09-17,2.63350010
2018-09-18,2.71199989
2018-09-19,2.71000004
2018-09-20,2.72099996
2018-09-21,2.83649993
2018-09-24,2.81599998
2018-09-25,2.80349994
2018-09-26,2.80699992
2018-09-27,2.76449990
2018-09-28,2.78699994
2018-10-01,2.77399993
2018-10-02,2.79500008
2018-10-03,2.82249999
2018-10-04,2.76500010
2018-10-05,2.75099993
2018-10-08,2.75500011
2018-10-09,2.79500008
2018-10-10,2.76900005
2018-10-11,2.79699993
2018-10-12,2.79299998
2018-10-15,2.78049994
2018-10-16,2.77049994
2018-10-17,2.76699996
2018-10-18,2.73749995
2018-10-19,2.76799989
2018-10-22,2.77399993
2018-10-23,2.74699998
2018-10-24,2.74650002
2018-10-25,2.74850011
2018-10-26,2.74399996
2018-10-29,2.73850012
2018-10-30,2.66300011
2018-10-31,2.66350007
2018-11-01,2.72149992
2018-11-02,2.80299997
2018-11-05,2.75550008
2018-11-06,2.73049998
2018-11-07,2.75250006
2018-11-08,2.73699999
2018-11-09,2.68650007
2018-11-12,2.67799997
2018-11-13,2.68700004
2018-11-14,2.70950007
2018-11-15,2.74900007
2018-11-16,2.80399990
2018-11-19,2.80450010
2018-11-20,2.76650000
2018-11-21,2.79450011
2018-11-23,2.77049994
2018-11-26,2.75850010
2018-11-27,2.71050000
2018-11-28,2.79600000
2018-11-29,2.77800012
2018-11-30,2.77749991
2018-12-03,2.79949999
2018-12-04,2.74850011
2018-12-06,2.74049997
2018-12-07,2.75749993
2018-12-10,2.71849990
2018-12-11,2.76600003
2018-12-12,2.76850009
2018-12-13,2.76250005
2018-12-14,2.76049995
2018-12-17,2.75300002
2018-12-18,2.67100000
2018-12-19,2.72149992
2018-12-20,2.70199990
2018-12-21,2.67849994
2018-12-24,2.66849995
2018-12-26,2.70849991
2018-12-27,2.66750002
2018-12-28,2.67899990
2018-12-31,2.62800002
2019-01-02,2.62500000
2019-01-03,2.57049990
2019-01-04,2.65149999
2019-01-07,2.64100003
2019-01-08,2.66050005
2019-01-09,2.66199994
2019-01-10,2.64350009
2019-01-11,2.66950011
2019-01-14,2.64549994
2019-01-15,2.65050006
2019-01-16,2.69350004
2019-01-17,2.70000005
2019-01-18,2.74099994
2019-01-22,2.68899989
2019-01-23,2.69400001
2019-01-24,2.67350006
2019-01-25,2.73799992
2019-01-28,2.68750000
2019-01-29,2.73200011
2019-01-30,2.77300000
2019-01-31,2.78900003
2019-02-01,2.77500010
2019-02-04,2.79500008
2019-02-05,2.81699991
2019-02-06,2.83550000
2019-02-07,2.82850003
2019-02-08,2.80999994
2019-02-11,2.79150009
2019-02-12,2.77449989
2019-02-13,2.77399993
2019-02-14,2.77600002
2019-02-15,2.80250001
2019-02-19,2.88150001
2019-02-20,2.93000007
2019-02-21,2.90249991
2019-02-22,2.96099997
2019-02-25,2.95000005
2019-02-26,2.94400001
2019-02-27,2.95900011
2019-02-28,2.95000005
2019-03-01,2.93350005
2019-03-04,2.91100001
2019-03-05,2.93600011
2019-03-06,2.91849995
2019-03-07,2.91149998
2019-03-08,2.89400005
2019-03-11,2.90000010
2019-03-12,2.92750001
2019-03-13,2.93350005
2019-03-14,2.88849998
2019-03-15,2.90350008
2019-03-18,2.90350008
2019-03-19,2.91950011
2019-03-20,2.91549993
2019-03-21,2.90000010
2019-03-22,2.83599997
2019-03-25,2.84949994
2019-03-26,2.85050011
2019-03-27,2.85800004
2019-03-28,2.86849999
2019-03-29,2.93600011
2019-04-01,2.92050004
2019-04-02,2.90400004
2019-04-03,2.94650006
2019-04-04,2.90849996
2019-04-05,2.89249992
2019-04-08,2.92950010
2019-04-09,2.93149996
2019-04-10,2.92249990
2019-04-11,2.88599992
2019-04-12,2.94600010
2019-04-15,2.93400002
2019-04-16,2.93050003
2019-04-17,2.97550011
2019-04-18,2.92750001
2019-04-22,2.90650010
2019-04-23,2.89849997
2019-04-24,2.91750002
2019-04-25,2.87750006
2019-04-26,2.97000003
2019-04-29,2.89499998
2019-04-30,2.90149999
2019-05-01,2.80299997
2019-05-02,2.78399992
2019-05-03,2.82500005
2019-05-06,2.83699989
2019-05-07,2.79399991
2019-05-08,2.78550005
2019-05-09,2.78349996
2019-05-10,2.78500009
2019-05-13,2.72950006
2019-05-14,2.73449993
2019-05-15,2.75349998
2019-05-16,2.75850010
2019-05-17,2.74799991
2019-05-20,2.73600006
2019-05-21,2.72350001
2019-05-22,2.68600011
2019-05-23,2.68650007
2019-05-24,2.70650005
2019-05-28,2.70350003
2019-05-29,2.67249990
2019-05-30,2.66050005
2019-05-31,2.64599991
2019-06-03,2.65549994
2019-06-04,2.67350006
2019-06-05,2.62700009
2019-06-06,2.65400004
2019-06-07,2.63050008
2019-06-10,2.66400003
2019-06-11,2.67549992
2019-06-12,2.65899992
2019-06-13,2.66100001
2019-06-14,2.63450003
2019-06-17,2.65100002
2019-06-18,2.70700002
2019-06-19,2.68449998
2019-06-20,2.71550012
2019-06-21,2.70600009
2019-06-24,2.70549989
2019-06-25,2.73550010
2019-06-26,2.71099997
2019-06-27,2.71250010
2019-06-28,2.70549989
2019-07-01,2.67950010
2019-07-02,2.65750003
2019-07-03,2.67950010
2019-07-05,2.65849996
2019-07-08,2.65599990
2019-07-09,2.62450004
2019-07-10,2.69300008
2019-07-11,2.68249989
2019-07-12,2.69149995
2019-07-15,2.70749998
2019-07-16,2.69350004
2019-07-17,2.71000004
2019-07-18,2.70400000
2019-07-19,2.74449992
2019-07-22,2.71449995
2019-07-23,2.69400001
2019-07-24,2.70400000
2019-07-25,2.69549990
2019-07-26,2.67650008
2019-07-29,2.70950007
2019-07-30,2.67050004
2019-07-31,2.65799999
2019-08-01,2.66000009
2019-08-02,2.56500006
2019-08-05,2.53699994
2019-08-06,2.55100012
2019-08-07,2.56500006
2019-08-08,2.60200000
2019-08-09,2.58400011
2019-08-12,2.57999992
2019-08-13,2.62450004
2019-08-14,2.58649993
2019-08-15,2.58949995
2019-08-16,2.58999991
2019-08-19,2.59699988
2019-08-20,2.57399988
2019-08-21,2.58150005
2019-08-22,2.55349994
2019-08-23,2.52600002
2019-08-26,2.53999996
2019-08-27,2.54349995
2019-08-28,2.55100012
2019-08-29,2.55949998
2019-08-30,2.53299999
2019-09-03,2.51250005
2019-09-04,2.57900000
2019-09-05,2.62450004
2019-09-06,2.61549997
2019-09-09,2.61050010
2019-09-10,2.61050010
2019-09-11,2.59750009
2019-09-12,2.62350011
2019-09-13,2.68099999
2019-09-16,2.62100005
2019-09-17,2.60949993
2019-09-18,2.59549999
2019-09-19,2.59100008
2019-09-20,2.58999991
2019-09-23,2.59450006
2019-09-24,2.58949995
2019-09-25,2.59500003
2019-09-26,2.55999994
2019-09-27,2.58299994
2019-09-30,2.56450009
2019-10-01,2.55200005
2019-10-02,2.56150007
2019-10-03,2.54550004
2019-10-04,2.55550003
2019-10-07,2.57200003
2019-10-08,2.56349993
2019-10-09,2.56200004
2019-10-10,2.60500002
2019-10-11,2.61849999
2019-10-14,2.62350011
2019-10-15,2.60400009
2019-10-16,2.57949996
2019-10-17,2.58699989
2019-10-18,2.62500000
2019-10-21,2.63499999
2019-10-22,2.62199998
2019-10-23,2.66249990
2019-10-24,2.65899992
2019-10-25,2.66650009
2019-10-28,2.67249990
2019-10-29,2.68249989
2019-10-30,2.68050003
2019-10-31,2.63299990
2019-11-01,2.65100002
2019-11-04,2.66700006
2019-11-05,2.69499993
2019-11-06,2.66100001
2019-11-07,2.72399998
2019-11-08,2.67799997
2019-11-11,2.66000009
2019-11-12,2.64199996
2019-11-13,2.63649988
2019-11-14,2.61849999
2019-11-15,2.63499999
2019-11-18,2.61750007
2019-11-19,2.65350008
2019-11-20,2.64650011
2019-11-21,2.62100005
2019-11-22,2.64750004
2019-11-25,2.64750004
2019-11-26,2.67449999
2019-11-27,2.67449999
2019-11-29,2.64199996
2019-12-02,2.63249993
2019-12-03,2.60800004
2019-12-04,2.64400005
2019-12-05,2.64849997
2019-12-06,2.71099997
2019-12-09,2.74650002
2019-12-10,2.75550008
2019-12-11,2.78250003
2019-12-12,2.78950000
2019-12-13,2.78049994
2019-12-16,2.82049990
2019-12-17,2.81949997
2019-12-18,2.81699991
2019-12-19,2.83150005
2019-12-20,2.81100011
2019-12-23,2.81699991
2019-12-24,2.83850002
2019-12-26,2.86450005
2019-12-27,2.83649993
2019-12-30,2.82750010
2019-12-31,2.79399991
2020-01-02,2.83299994
2020-01-03,2.79850006
2020-01-06,2.80049992
2020-01-07,2.80399990
2020-01-08,2.81900001
2020-01-09,2.81049991
2020-01-10,2.81850004
2020-01-13,2.86150002
2020-01-14,2.87599993
2020-01-15,2.86999989
2020-01-16,2.85200000
2020-01-17,2.84949994
2020-01-21,2.79850006
2020-01-22,2.76699996
2020-01-23,2.72600007
2020-01-24,2.68549991
2020-01-27,2.59649992
2020-01-28,2.57949996
2020-01-29,2.55349994
2020-01-30,2.52349997
2020-01-31,2.51999998
2020-02-03,2.51300001
2020-02-04,2.54749990
2020-02-05,2.57900000
2020-02-06,2.59850001
2020-02-07,2.55900002
2020-02-10,2.55749989
2020-02-11,2.58850002
2020-02-12,2.60599995
2020-02-13,2.61949992
2020-02-14,2.60549998
2020-02-18,2.60999990
2020-02-19,2.61249995
2020-02-20,2.59500003
2020-02-21,2.61800003
2020-02-24,2.59249997
2020-02-25,2.59649992
2020-02-26,2.57649994
2020-02-27,2.57150006
2020-02-28,2.54600000
2020-03-02,2.60100007
2020-03-03,2.57949996
2020-03-04,2.59299994
2020-03-05,2.58249998
2020-03-06,2.57299995
2020-03-09,2.52399993
2020-03-10,2.53399992
2020-03-11,2.51200008
2020-03-12,2.48099995
2020-03-13,2.47399998
2020-03-16,2.39849997
2020-03-17,2.31550002
2020-03-18,2.16050005
2020-03-19,2.20000005
2020-03-20,2.19050002
2020-03-23,2.11949992
2020-03-24,2.19749999
2020-03-25,2.23399997
2020-03-26,2.20799994
2020-03-27,2.19700003
2020-03-30,2.16199994
2020-03-31,2.24000001
2020-04-01,2.19199991
2020-04-02,2.23300004
2020-04-03,2.21000004
2020-04-06,2.23499990
2020-04-07,2.28850007
2020-04-08,2.27800012
2020-04-09,2.27749991
2020-04-13,2.32049990
2020-04-14,2.34699988
2020-04-15,2.31250000
2020-04-16,2.30450010
2020-04-17,2.35349989
2020-04-20,2.33450007
2020-04-21,2.26699996
2020-04-22,2.31750011
2020-04-23,2.32399988
2020-04-24,2.34800005
2020-04-27,2.38199997
2020-04-28,2.37899995
2020-04-29,2.37450004
2020-04-30,2.35400009
2020-05-01,2.31850004
2020-05-04,2.32399988
2020-05-05,2.34100008
2020-05-06,2.35249996
2020-05-07,2.38549995
2020-05-08,2.40849996
2020-05-11,2.38199997
2020-05-12,2.36050010
2020-05-13,2.34899998
2020-05-14,2.35100007
2020-05-15,2.33349991
2020-05-18,2.40499997
2020-05-19,2.42300010
2020-05-20,2.46749997
2020-05-21,2.45199990
2020-05-22,2.40899992
2020-05-26,2.43849993
2020-05-27,2.40249991
2020-05-28,2.41300011
2020-05-29,2.42650008
2020-06-01,2.47449994
2020-06-02,2.49449992
2020-06-03,2.49650002
2020-06-04,2.49300003
2020-06-05,2.55699992
2020-06-08,2.56999993
2020-06-09,2.60050011
2020-06-10,2.65700006
2020-06-11,2.58649993
2020-06-12,2.60150003
2020-06-15,2.56850004
2020-06-16,2.56599998
2020-06-17,2.59200001
2020-06-18,2.59100008
2020-06-19,2.61500001
2020-06-22,2.65549994
2020-06-23,2.66000009
2020-06-24,2.65050006
2020-06-25,2.66249990
2020-06-26,2.67199993
2020-06-29,2.67950010
2020-06-30,2.71350002
2020-07-01,2.71700001
2020-07-02,2.73350000
2020-07-06,2.76600003
2020-07-07,2.78749990
2020-07-08,2.81450009
2020-07-09,2.82800007
2020-07-10,2.88700008
2020-07-13,2.94199991
2020-07-14,2.91599989
2020-07-15,2.87050009
2020-07-16,2.88599992
2020-07-17,2.88750005
2020-07-20,2.89849997
2020-07-21,2.94099998
2020-07-22,2.90849996
2020-07-23,2.92449999
2020-07-24,2.88199997
2020-07-27,2.88800001
2020-07-28,2.90499997
2020-07-29,2.90549994
2020-07-30,2.90450001
2020-07-31,2.85899997
2020-08-03,2.90799999
2020-08-04,2.88949990
2020-08-05,2.91149998
2020-08-06,2.90549994
2020-08-07,2.79049993
2020-08-10,2.85850000
2020-08-11,2.87199998
2020-08-12,2.88700008
2020-08-13,2.80399990
2020-08-14,2.85599995
2020-08-17,2.89800000
2020-08-18,2.97099996
2020-08-19,3.01900005
2020-08-20,2.97000003
2020-08-21,2.91350007
2020-08-24,2.92249990
2020-08-25,2.93099999
2020-08-26,2.95950007
2020-08-27,2.96499991
2020-08-28,2.99499989
2020-08-31,3.04099989
2020-09-01,3.00950003
2020-09-02,3.00300002
2020-09-03,2.95799994
2020-09-04,3.04649997
2020-09-08,3.01250005
2020-09-09,3.03999996
2020-09-10,2.98699999
2020-09-11,3.03399992
2020-09-14,3.06649995
2020-09-15,3.06299996
2020-09-16,3.05800009
2020-09-17,3.06649995
2020-09-18,3.11350012
2020-09-21,3.02950001
2020-09-22,3.05900002
2020-09-23,2.99349999
2020-09-24,2.96900010
2020-09-25,2.97300005
2020-09-28,2.98950005
2020-09-29,2.98350000
2020-09-30,3.02850008
2020-10-01,2.86350012
2020-10-02,2.97849989
2020-10-05,2.96499991
2020-10-06,2.96550012
2020-10-07,3.03449988
2020-10-08,3.04200006
2020-10-09,3.07949996
2020-10-12,3.06100011
2020-10-13,3.04250002
2020-10-14,3.04749990
2020-10-15,3.08299994
2020-10-16,3.06500006
2020-10-19,3.08100009
2020-10-20,3.14350009
2020-10-21,3.19449997
2020-10-22,3.15000010
2020-10-23,3.12549996
2020-10-26,3.08850002
2020-10-27,3.08999991
2020-10-28,3.05699992
2020-10-29,3.05200005
2020-10-30,3.04349995
2020-11-02,3.07349992
2020-11-03,3.08699989
2020-11-04,3.10100007
2020-11-05,3.10450006
2020-11-06,3.14899993
2020-11-09,3.15149999
2020-11-10,3.15050006
2020-11-11,3.12899995
2020-11-12,3.14299989
2020-11-13,3.17549992
2020-11-16,3.22000003
2020-11-17,3.19650006
2020-11-18,3.19799995
2020-11-19,3.20350003
2020-11-20,3.29349995
2020-11-23,3.25950003
2020-11-24,3.29999995
2020-11-25,3.31200004
2020-11-27,3.39949989
2020-11-30,3.42050004
2020-12-01,3.46799994
2020-12-02,3.47499990
2020-12-03,3.47900009
2020-12-04,3.51399994
2020-12-07,3.50850010
2020-12-08,3.49399996
2020-12-09,3.50799990
2020-12-10,3.57049990
2020-12-11,3.52399993
2020-12-14,3.52200007
2020-12-15,3.53800011
2020-12-16,3.55399990
2020-12-17,3.59699988
2020-12-18,3.62849998
2020-12-21,3.57299995
2020-12-22,3.51799989
2020-12-23,3.55200005
2020-12-24,3.55999994
2020-12-28,3.56999993
2020-12-29,3.55299997
2020-12-30,3.54299998
2020-12-31,3.51399994
2021-01-04,3.55299997
2021-01-05,3.64050007
2021-01-06,3.65000010
2021-01-07,3.69549990
2021-01-08,3.67350006
2021-01-11,3.56399989
2021-01-12,3.60500002
2021-01-13,3.61700010
2021-01-14,3.66799998
2021-01-15,3.60299993
2021-01-19,3.63599992
2021-01-20,3.64750004
2021-01-21,3.65549994
2021-01-22,3.63549995
2021-01-25,3.64050007
2021-01-26,3.62800002
2021-01-27,3.57150006
2021-01-28,3.58299994
2021-01-29,3.57349992
2021-02-01,3.56200004
2021-02-02,3.53900003
2021-02-03,3.57850003
2021-02-04,3.56599998
2021-02-05,3.63899994
2021-02-08,3.67899990
2021-02-09,3.73350000
2021-02-10,3.78550005
2021-02-11,3.78749990
2021-02-12,3.80200005
2021-02-16,3.84800005
2021-02-17,3.83599997
2021-02-18,3.91650009
2021-02-19,4.09000015
2021-02-22,4.15250015
2021-02-23,4.18750000
2021-02-24,4.30100012
2021-02-25,4.26599979
2021-02-26,4.09450006
2021-03-01,4.11950016
2021-03-02,4.23150015
2021-03-03,4.15299988
2021-03-04,3.99099994
2021-03-05,4.08699989
2021-03-08,4.10349989
2021-03-09,4.01949978
2021-03-10,4.04199982
2021-03-11,4.14300013
2021-03-12,4.14550018
2021-03-15,4.14650011
2021-03-16,4.07900000
2021-03-17,4.12799978
2021-03-18,4.11700010
2021-03-19,4.12349987
2021-03-22,4.14900017
2021-03-23,4.08799982
2021-03-24,4.07149982
2021-03-25,3.98499990
2021-03-26,4.07849979
2021-03-29,4.04300022
2021-03-30,3.98300004
2021-03-31,4.00299978
2021-04-01,4.00349998
2021-04-05,4.14900017
2021-04-06,4.12650013
2021-04-07,4.06400013
2021-04-08,4.10349989
2021-04-09,4.05049992
2021-04-12,4.03000021
2021-04-13,4.04300022
2021-04-14,4.13999987
2021-04-15,4.23050022
2021-04-16,4.17999983
2021-04-19,4.25000000
2021-04-20,4.22399998
2021-04-21,4.28649998
2021-04-22,4.28049994
2021-04-23,4.34299994
2021-04-26,4.44799995
2021-04-27,4.74300003
2021-04-28,4.53700018
2021-04-29,4.49300003
2021-04-30,4.47900009
2021-05-03,4.54300022
2021-05-04,4.53599977
2021-05-05,4.53900003
2021-05-06,4.61899996
2021-05-07,4.76599979
2021-05-10,4.73350000
2021-05-11,4.77850008
2021-05-12,4.75250006
2021-05-13,4.70550013
2021-05-14,4.66400003
2021-05-17,4.72149992
2021-05-18,4.73549986
2021-05-19,4.58949995
2021-05-20,4.58199978
2021-05-21,4.49599981
2021-05-24,4.54150009
2021-05-25,4.52199984
2021-05-26,4.53299999
2021-05-27,4.66650009
2021-05-28,4.68249989
2021-06-01,4.66200018
2021-06-02,4.59999990
2021-06-03,4.47149992
2021-06-04,4.53749990
2021-06-07,4.53499985
2021-06-08,4.56300020
2021-06-09,4.53649998
2021-06-10,4.48999977
2021-06-11,4.54150009
2021-06-14,4.53200006
2021-06-15,4.34000015
2021-06-16,4.39249992
2021-06-17,4.18450022
2021-06-18,4.16249990
2021-06-21,4.18750000
2021-06-22,4.23449993
2021-06-23,4.33099985
2021-06-24,4.31150007
2021-06-25,4.29899979
2021-06-28,4.27799988
2021-06-29,4.27650023
2021-06-30,4.29650021
2021-07-01,4.24200010
2021-07-02,4.28200006
2021-07-06,4.25799990
2021-07-07,4.32900000
2021-07-08,4.27150011
2021-07-09,4.35249996
2021-07-12,4.32299995
2021-07-13,4.31449986
2021-07-14,4.27699995
2021-07-15,4.33300018
2021-07-16,4.33249998
2021-07-19,4.21049976
2021-07-20,4.27349997
2021-07-21,4.28249979
2021-07-22,4.34800005
2021-07-23,4.40649986
2021-07-26,4.58900023
2021-07-27,4.54600000
2021-07-28,4.47900009
2021-07-29,4.51999998
2021-07-30,4.48050022
2021-08-02,4.43200016
2021-08-03,4.38299990
2021-08-04,4.32999992
2021-08-05,4.34549999
2021-08-06,4.34549999
2021-08-09,4.28700018
2021-08-10,4.35150003
2021-08-11,4.36399984
2021-08-12,4.35599995
2021-08-13,4.38700008
2021-08-16,4.32200003
2021-08-17,4.19999981
2021-08-18,4.11600018
2021-08-19,4.03849983
2021-08-20,4.13450003
2021-08-23,4.23449993
2021-08-24,4.25500011
2021-08-25,4.26499987
2021-08-26,4.24599981
2021-08-27,4.31650019
2021-08-30,4.36100006
2021-08-31,4.36000013
2021-09-01,4.26300001
2021-09-02,4.28999996
2021-09-03,4.32550001
2021-09-07,4.27750015
2021-09-08,4.23199987
2021-09-09,4.28350019
2021-09-10,4.44799995
2021-09-13,4.36350012
2021-09-14,4.31799984
2021-09-15,4.40350008
2021-09-16,4.27850008
2021-09-17,4.24550009
2021-09-20,4.11700010
2021-09-21,4.12799978
2021-09-22,4.25250006
2021-09-23,4.23099995
2021-09-24,4.28749990
2021-09-27,4.29349995
2021-09-28,4.24499989
2021-09-29,4.19999981
2021-09-30,4.09000015
2021-10-01,4.19350004
2021-10-04,4.24650002
2021-10-05,4.20200014
2021-10-06,4.15700006
2021-10-07,4.25099993
2021-10-08,4.28299999
2021-10-11,4.37449980
2021-10-12,4.32900000
2021-10-13,4.52050018
2021-10-14,4.63149977
2021-10-15,4.73400021
2021-10-18,4.73050022
2021-10-19,4.71400023
2021-10-20,4.75600004
2021-10-21,4.58650017
2021-10-22,4.52600002
2021-10-25,4.55149984
2021-10-26,4.48649979
2021-10-27,4.38700008
2021-10-28,4.43750000
2021-10-29,4.37550020
2021-11-01,4.40199995
2021-11-02,4.37400007
2021-11-03,4.32600021
2021-11-04,4.32600021
2021-11-05,4.34899998
2021-11-08,4.40500021
2021-11-09,4.38000011
2021-11-10,4.32800007
2021-11-11,4.40450001
2021-11-12,4.45550013
2021-11-15,4.40700006
2021-11-16,4.35850000
2021-11-17,4.27299976
2021-11-18,4.30999994
2021-11-19,4.40850019
2021-11-22,4.39550018
2021-11-23,4.42350006
2021-11-24,4.45800018
2021-11-26,4.28149986
2021-11-29,4.33699989
2021-11-30,4.27799988
2021-12-01,4.24749994
2021-12-02,4.29899979
2021-12-03,4.26650000
2021-12-06,4.33699989
2021-12-07,4.33799982
2021-12-08,4.39099979
2021-12-09,4.32999992
2021-12-10,4.28299999
2021-12-13,4.28000021
2021-12-14,4.25400019
2021-12-15,4.17950010
2021-12-16,4.30049992
2021-12-17,4.29099989
2021-12-20,4.28800011
2021-12-21,4.33799982
2021-12-22,4.38950014
2021-12-23,4.38700008
2021-12-27,4.46500015
2021-12-28,4.42000008
2021-12-29,4.40199995
2021-12-30,4.38450003
2021-12-31,4.45499992
2022-01-03,4.41450024
2022-01-04,4.46600008
2022-01-05,4.40450001
2022-01-06,4.34800005
2022-01-07,4.40299988
2022-01-10,4.34450006
2022-01-11,4.42049980
2022-01-12,4.56400013
2022-01-13,4.53399992
2022-01-14,4.41149998
2022-01-18,4.37599993
2022-01-19,4.46250010
2022-01-20,4.57649994
2022-01-21,4.51249981
2022-01-24,4.40299988
2022-01-25,4.44299984
2022-01-26,4.50449991
2022-01-27,4.41300011
2022-01-28,4.30299997
2022-01-31,4.31799984
2022-02-01,4.42899990
2022-02-02,4.49100018
2022-02-03,4.46649981
2022-02-04,4.48350000
2022-02-07,4.46150017
2022-02-08,4.45949984
2022-02-09,4.60050011
2022-02-10,4.65749979
2022-02-11,4.50500011
2022-02-14,4.50750017
2022-02-15,4.53149986
2022-02-16,4.54050016
2022-02-17,4.52500010
2022-02-18,4.51949978
2022-02-22,4.51000023
2022-02-23,4.48150015
2022-02-24,4.45400000
2022-02-25,4.47200012
2022-02-28,4.44449997
2022-03-01,4.58650017
2022-03-02,4.65549994
2022-03-03,4.77150011
2022-03-04,4.92899990
2022-03-07,4.72200012
2022-03-08,4.70050001
2022-03-09,4.56400013
2022-03-10,4.64349985
2022-03-11,4.61600018
2022-03-14,4.51249981
2022-03-15,4.50150013
2022-03-16,4.58799982
2022-03-17,4.69049978
2022-03-18,4.73050022
2022-03-21,4.70149994
2022-03-22,4.68900013
2022-03-23,4.76249981
2022-03-24,4.72900009
2022-03-25,4.68599987
2022-03-28,4.71400023
2022-03-29,4.71649981
2022-03-30,4.73950005
2022-03-31,4.74300003
2022-04-01,4.68249989
2022-04-04,4.77650023
2022-04-05,4.79099989
2022-04-06,4.73350000
2022-04-07,4.69500017
2022-04-08,4.71999979
2022-04-11,4.62849998
2022-04-12,4.70400000
2022-04-13,4.70699978
2022-04-14,4.71700001
2022-04-18,4.79600000
2022-04-19,4.71400023
2022-04-20,4.64949989
2022-04-21,4.70349979
2022-04-22,4.58249998
2022-04-25,4.44899988
2022-04-26,4.44000006
2022-04-27,4.45450020
2022-04-28,4.41349983
2022-04-29,4.39499998
2022-05-02,4.25549984
2022-05-03,4.27099991
2022-05-04,4.32849979
2022-05-05,4.28499985
2022-05-06,4.26149988
2022-05-09,4.19299984
2022-05-10,4.15450001
2022-05-11,4.21250010
2022-05-12,4.10500002
2022-05-13,4.18050003
2022-05-16,4.19649982
2022-05-17,4.23950005
2022-05-18,4.18200016
2022-05-19,4.28499985
2022-05-20,4.28100014
2022-05-23,4.34749985
2022-05-24,4.32550001
2022-05-25,4.27699995
2022-05-26,4.25500011
2022-05-27,4.30399990
2022-05-31,4.29500008
2022-06-01,4.32999992
2022-06-02,4.55399990
2022-06-03,4.47749996
2022-06-06,4.43949986
2022-06-07,4.43949986
2022-06-08,4.45849991
2022-06-09,4.38899994
2022-06-10,4.30100012
2022-06-13,4.21649981
2022-06-14,4.16149998
2022-06-15,4.16750002
2022-06-16,4.11199999
2022-06-17,4.01749992
2022-06-21,4.04300022
2022-06-22,3.95149994
2022-06-23,3.75850010
2022-06-24,3.75999999
2022-06-27,3.77900004
2022-06-28,3.78399992
2022-06-29,3.77900004
2022-06-30,3.71449995
2022-07-01,3.61899996
2022-07-05,3.42499995
2022-07-06,3.41799998
2022-07-07,3.58200002
2022-07-08,3.53200006
2022-07-11,3.43750000
2022-07-12,3.29649997
2022-07-13,3.32550001
2022-07-14,3.21050000
2022-07-15,3.23449993
2022-07-18,3.34800005
2022-07-19,3.29150009
2022-07-20,3.32949996
2022-07-21,3.30200005
2022-07-22,3.34850001
2022-07-25,3.35100007
2022-07-26,3.38249993
2022-07-27,3.42950010
2022-07-28,3.47499990
2022-07-29,3.58400011
2022-08-01,3.55200005
2022-08-02,3.52449989
2022-08-03,3.46950006
2022-08-04,3.48300004
2022-08-05,3.55299997
2022-08-08,3.58750010
2022-08-09,3.59249997
2022-08-10,3.65549994
2022-08-11,3.71050000
2022-08-12,3.67600012
2022-08-15,3.62899995
2022-08-16,3.63649988
2022-08-17,3.59800005
2022-08-18,3.64650011
2022-08-19,3.68350005
2022-08-22,3.67050004
2022-08-23,3.70449996
2022-08-24,3.66050005
2022-08-25,3.71050000
2022-08-26,3.71149993
2022-08-29,3.62649989
2022-08-30,3.54500008
2022-08-31,3.51850009
2022-09-01,3.41450000
2022-09-02,3.42149997
2022-09-06,3.46900010
2022-09-07,3.43799996
2022-09-08,3.53600001
2022-09-09,3.58100009
2022-09-12,3.62549996
2022-09-13,3.58100009
2022-09-14,3.54550004
2022-09-15,3.52349997
2022-09-16,3.56100011
2022-09-19,3.55749989
2022-09-20,3.54800010
2022-09-21,3.51200008
2022-09-22,3.49850011
2022-09-23,3.37150002
2022-09-26,3.31349993
2022-09-27,3.32299995
2022-09-28,3.38199997
2022-09-29,3.44000006
2022-09-30,3.44199991
2022-10-03,3.45799994
2022-10-04,3.51799989
2022-10-05,3.53250003
2022-10-06,3.47499990
2022-10-07,3.41249990
2022-10-10,3.45350003
2022-10-11,3.47799993
2022-10-12,3.44449997
2022-10-13,3.46749997
2022-10-14,3.45050001
2022-10-17,3.45549989
2022-10-18,3.40650010
2022-10-19,3.36050010
2022-10-20,3.45099998
2022-10-21,3.52300000
2022-10-24,3.47950006
2022-10-25,3.45050001
2022-10-26,3.62949991
2022-10-27,3.62549996
2022-10-28,3.46600008
2022-10-31,3.41350007
2022-11-01,3.50950003
2022-11-02,3.50550008
2022-11-03,3.45650005
2022-11-04,3.71449995
2022-11-07,3.62949991
2022-11-08,3.70549989
2022-11-09,3.74149990
2022-11-10,3.79600000
2022-11-11,3.95099998
2022-11-14,3.85500002
2022-11-15,3.83949995
2022-11-16,3.78800011
2022-11-17,3.68950009
2022-11-18,3.63199997
2022-11-21,3.57150006
2022-11-22,3.61450005
2022-11-23,3.61750007
2022-11-25,3.62649989
2022-11-28,3.61050010
2022-11-29,3.63000011
2022-11-30,3.72950006
2022-12-01,3.81399989
2022-12-02,3.84800005
2022-12-05,3.78950000
2022-12-06,3.81150007
2022-12-07,3.85549998
2022-12-08,3.88050008
2022-12-09,3.87599993
2022-12-12,3.79850006
2022-12-13,3.83949995
2022-12-14,3.87500000
2022-12-15,3.76300001
2022-12-16,3.76149988
2022-12-19,3.78299999
2022-12-20,3.79749990
2022-12-21,3.80599999
2022-12-22,3.75149989
2022-12-23,3.80299997
2022-12-27,3.83349991
2022-12-28,3.83200002
2022-12-29,3.82100010
2022-12-30,3.80550003
2023-01-03,3.76600003
2023-01-04,3.73950005
2023-01-05,3.81800008
2023-01-06,3.90849996
2023-01-09,4.01849985
2023-01-10,4.06699991
2023-01-11,4.15450001
2023-01-12,4.18599987
2023-01-13,4.20749998
2023-01-17,4.21500015
2023-01-18,4.22849989
2023-01-19,4.22650003
2023-01-20,4.24849987
2023-01-23,4.25400019
2023-01-24,4.24550009
2023-01-25,4.23999977
2023-01-26,4.26700020
2023-01-27,4.22399998
2023-01-30,4.20349979
2023-01-31,4.22849989
2023-02-01,4.11100006
2023-02-02,4.09399986
2023-02-03,4.06300020
2023-02-06,4.04349995
2023-02-07,4.08850002
2023-02-08,4.04349995
2023-02-09,4.10550022
2023-02-10,4.02750015
2023-02-13,4.08699989
2023-02-14,4.11000013
2023-02-15,4.05200005
2023-02-16,4.16550016
2023-02-17,4.11399984
2023-02-21,4.23449993
2023-02-22,4.20249987
2023-02-23,4.07299995
2023-02-24,3.95499992
2023-02-27,4.00899982
2023-02-28,4.09749985
2023-03-01,4.16800022
2023-03-02,4.08400011
2023-03-03,4.07800007
2023-03-06,4.10050011
2023-03-07,3.98650002
2023-03-08,4.04150009
2023-03-09,4.05450010
2023-03-10,4.04549980
2023-03-13,4.06949997
2023-03-14,4.01049995
2023-03-15,3.85649991
2023-03-16,3.88549995
2023-03-17,3.91350007
2023-03-20,3.97550011
2023-03-21,4.01849985
2023-03-22,4.06850004
2023-03-23,4.14599991
2023-03-24,4.10150003
2023-03-27,4.10449982
2023-03-28,4.11199999
2023-03-29,4.11499977
2023-03-30,4.09049988
2023-03-31,4.10449982
2023-04-03,4.05950022
2023-04-04,3.98350000
2023-04-05,3.99799991
2023-04-06,4.02600002
2023-04-10,3.98650002
2023-04-11,4.02449989
2023-04-12,4.08449984
2023-04-13,4.12400007
2023-04-14,4.10750008
2023-04-17,4.06599998
2023-04-18,4.08949995
2023-04-19,4.07200003
2023-04-20,4.02199984
2023-04-21,3.98000002
2023-04-24,3.95300007
2023-04-25,3.84599996
2023-04-26,3.84999990
2023-04-27,3.86450005
2023-04-28,3.86999989
2023-05-01,3.91700006
2023-05-02,3.84800005
2023-05-03,3.83150005
2023-05-04,3.84999990
2023-05-05,3.87150002
2023-05-08,3.91799998
2023-05-09,3.88899994
2023-05-10,3.82800007
2023-05-11,3.69749999
2023-05-12,3.71650004
2023-05-15,3.73749995
2023-05-16,3.65450001
2023-05-17,3.74300003
2023-05-18,3.68149996
2023-05-19,3.72250009
2023-05-22,3.67400002
2023-05-23,3.64150000
2023-05-24,3.55349994
2023-05-25,3.58049989
2023-05-26,3.67350006
2023-05-30,3.65799999
2023-05-31,3.63100004
2023-06-01,3.70650005
2023-06-02,3.72250009
2023-06-05,3.76250005
2023-06-06,3.76699996
2023-06-07,3.75449991
2023-06-08,3.79649997
2023-06-09,3.78900003
2023-06-12,3.75049996
2023-06-13,3.82850003
2023-06-14,3.86599994
2023-06-15,3.89650011
2023-06-16,3.88450003
2023-06-20,3.87849998
2023-06-21,3.91100001
2023-06-22,3.88849998
2023-06-23,3.80599999
2023-06-26,3.78649998
2023-06-27,3.78150010
2023-06-28,3.72049999
2023-06-29,3.67750001
2023-06-30,3.74099994
2023-07-03,3.77900004
2023-07-05,3.75349998
2023-07-06,3.72000003
2023-07-07,3.76699996
2023-07-10,3.77150011
2023-07-11,3.75349998
2023-07-12,3.84200001
2023-07-13,3.92950010
2023-07-14,3.92199993
2023-07-17,3.83200002
2023-07-18,3.81599998
2023-07-19,3.79949999
2023-07-20,3.81750011
2023-07-21,3.80299997
2023-07-24,3.84050012
2023-07-25,3.90199995
2023-07-26,3.89050007
2023-07-27,3.86350012
2023-07-28,3.91700006
2023-07-31,3.99449992
2023-08-01,3.89350009
2023-08-02,3.82750010
2023-08-03,3.87599993
2023-08-04,3.84500003
2023-08-07,3.81299996
2023-08-08,3.74799991
2023-08-09,3.76749992
2023-08-10,3.75099993
2023-08-11,3.71449995
2023-08-14,3.72449994
2023-08-15,3.66149998
2023-08-16,3.65149999
2023-08-17,3.68549991
2023-08-18,3.69899988
2023-08-21,3.71199989
2023-08-22,3.75049996
2023-08-23,3.80349994
2023-08-24,3.76749992
2023-08-25,3.75999999
2023-08-28,3.75399995
2023-08-29,3.79299998
2023-08-30,3.78500009
2023-08-31,3.77250004
2023-09-01,3.81250000
2023-09-05,3.81100011
2023-09-06,3.74850011
2023-09-07,3.72600007
2023-09-08,3.68050003
2023-09-11,3.76999998
2023-09-12,3.75200009
2023-09-13,3.75600004
2023-09-14,3.78250003
2023-09-15,3.76349998
2023-09-18,3.74149990
2023-09-19,3.71399999
2023-09-20,3.74650002
2023-09-21,3.66650009
2023-09-22,3.66549993
2023-09-25,3.64949989
2023-09-26,3.62500000
2023-09-27,3.62700009
2023-09-28,3.69449997
2023-09-29,3.72600007
2023-10-02,3.63199997
2023-10-03,3.61549997
2023-10-04,3.58400011
2023-10-05,3.54699993
2023-10-06,3.62450004
2023-10-09,3.64249992
2023-10-10,3.63199997
2023-10-11,3.61400008
2023-10-12,3.59400010
2023-10-13,3.57999992
2023-10-16,3.58699989
2023-10-17,3.57550001
2023-10-18,3.58200002
2023-10-19,3.59150004
2023-10-20,3.54200006
2023-10-23,3.57299995
2023-10-24,3.60999990
2023-10-25,3.57200003
2023-10-26,3.56850004
2023-10-27,3.63400006
2023-10-30,3.64949989
2023-10-31,3.64150000
2023-11-01,3.64499998
2023-11-02,3.66700006
2023-11-03,3.67449999
2023-11-06,3.70950007
2023-11-07,3.67000008
2023-11-08,3.62800002
2023-11-09,3.63499999
2023-11-10,3.58349991
2023-11-13,3.66249990
2023-11-14,3.68249989
2023-11-15,3.71749997
2023-11-16,3.70449996
2023-11-17,3.73749995
2023-11-20,3.81250000
2023-11-21,3.81450009
2023-11-22,3.76650000
2023-11-23,3.77900004
2023-11-24,3.79649997
2023-11-27,3.76250005
2023-11-28,3.80100012
2023-11-29,3.78600001
2023-11-30,3.82900000
2023-12-01,3.90899992
2023-12-04,3.82049990
2023-12-05,3.77250004
2023-12-06,3.71650004
2023-12-07,3.78449988
2023-12-08,3.81999993
2023-12-11,3.77999997
2023-12-12,3.78600001
2023-12-13,3.78600001
2023-12-14,3.88849998
2023-12-15,3.88499999
2023-12-18,3.84800005
2023-12-19,3.89599991
2023-12-20,3.90149999
2023-12-21,3.90849996
2023-12-22,3.89549994
2023-12-26,3.89549994
2023-12-27,3.94350004
2023-12-28,3.91300011
2023-12-29,3.88050008
2024-01-02,3.86899996
2024-01-03,3.84750009
2024-01-04,3.83100009
2024-01-05,3.79450011
2024-01-08,3.79949999
2024-01-09,3.74850011
2024-01-10,3.78099990
2024-01-11,3.77649999
2024-01-12,3.74000001
2024-01-16,3.76650000
2024-01-17,3.73250008
2024-01-18,3.74499989
2024-01-19,3.78699994
2024-01-22,3.76399994
2024-01-23,3.79049993
2024-01-24,3.88249993
2024-01-25,3.86549997
2024-01-26,3.85050011
2024-01-29,3.87299991
2024-01-30,3.90650010
2024-01-31,3.90249991
2024-02-01,3.85249996
2024-02-02,3.82150006
2024-02-05,3.77200007
2024-02-06,3.78250003
2024-02-07,3.73749995
2024-02-08,3.70549989
2024-02-09,3.68600011
2024-02-12,3.72849989
2024-02-13,3.71399999
2024-02-14,3.70050001
2024-02-15,3.75650001
2024-02-16,3.83800006
2024-02-20,3.86649990
2024-02-21,3.87450004
2024-02-22,3.89750004
2024-02-23,3.88199997
2024-02-26,3.82399988
2024-02-27,3.83100009
2024-02-28,3.82750010
2024-02-29,3.83450007
2024-03-01,3.85500002
2024-03-04,3.85200000
2024-03-05,3.84400010
2024-03-06,3.87050009
2024-03-07,3.91950011
2024-03-08,3.88499999
2024-03-11,3.92249990
2024-03-12,3.92499995
2024-03-13,4.05249977
2024-03-14,4.03700018
2024-03-15,4.11250019
2024-03-18,4.11450005
2024-03-19,4.05849981
2024-03-20,4.03849983
2024-03-21,4.04650021
2024-03-22,3.99600005
2024-03-25,4.00699997
2024-03-26,3.99600005
2024-03-27,3.99250007
2024-03-28,4.00349998
2024-04-01,4.04600000
2024-04-02,4.07000017
2024-04-03,4.19299984
2024-04-04,4.24650002
2024-04-05,4.23950005
2024-04-08,4.27699995
2024-04-09,4.28599977
2024-04-10,4.28200006
2024-04-11,4.25199986
2024-04-12,4.25750017
2024-04-15,4.37900019
2024-04-16,4.30550003
2024-04-17,4.34250021
2024-04-18,4.44049978
2024-04-19,4.50199986
2024-04-22,4.50050020
2024-04-23,4.49049997
2024-04-24,4.46700001
2024-04-25,4.57049990
2024-04-26,4.56899977
2024-04-29,4.65899992
2024-04-30,4.56449986
2024-05-01,4.55249977
2024-05-02,4.49399996
2024-05-03,4.57350016
2024-05-06,4.63450003
2024-05-07,4.62550020
2024-05-08,4.56199980
2024-05-09,4.60750008
2024-05-10,4.69350004
2024-05-13,4.80450010
2024-05-14,4.95349979
2024-05-15,4.96950006
2024-05-16,4.89200020
2024-05-17,5.05700016
2024-05-20,5.08750010
2024-05-21,5.11899996
2024-05-22,4.86749983
2024-05-23,4.81650019
2024-05-24,4.77850008
2024-05-28,4.87550020
2024-05-29,4.80550003
2024-05-30,4.67199993
2024-05-31,4.61000013
2024-06-03,4.67700005
2024-06-04,4.54799986
2024-06-05,4.61950016
2024-06-06,4.69099998
2024-06-07,4.49450016
2024-06-10,4.55649996
2024-06-11,4.52299976
2024-06-12,4.58150005
2024-06-13,4.50750017
2024-06-14,4.55100012
2024-06-17,4.52150011
2024-06-18,4.56199980
2024-06-20,4.61800003
2024-06-21,4.49399996
2024-06-24,4.52699995
2024-06-25,4.38100004
2024-06-26,4.36749983
2024-06-27,4.32849979
2024-06-28,4.39050007
2024-07-01,4.42649984
2024-07-02,4.42950010
2024-07-03,4.54099989
2024-07-05,4.65850019
2024-07-08,4.62200022
2024-07-09,4.57800007
2024-07-10,4.60750008
2024-07-11,4.50850010
2024-07-12,4.59849977
2024-07-15,4.52899981
2024-07-16,4.44399977
2024-07-17,4.39900017
2024-07-18,4.26599979
2024-07-19,4.21899986
2024-07-22,4.18050003
2024-07-23,4.14599991
2024-07-24,4.09899998
2024-07-25,4.11250019
2024-07-26,4.10449982
2024-07-29,4.06199980
2024-07-30,4.06300020
2024-07-31,4.15999985
2024-08-01,4.06650019
2024-08-02,4.08400011
2024-08-05,3.98399997
2024-08-06,4.01149988
2024-08-07,3.93750000
2024-08-08,3.94499993
2024-08-09,3.98000002
2024-08-12,4.05499983
2024-08-13,4.03599977
2024-08-14,4.02500010
2024-08-15,4.13899994
2024-08-16,4.12750006
2024-08-19,4.16650009
2024-08-20,4.14949989
2024-08-21,4.18149996
2024-08-22,4.14099979
2024-08-23,4.19449997
2024-08-26,4.21150017
2024-08-27,4.23050022
2024-08-28,4.14499998
2024-08-29,4.14750004
2024-08-30,4.14499998
2024-09-03,4.03200006
2024-09-04,4.01949978
2024-09-05,4.07749987
2024-09-06,4.01450014
2024-09-09,4.08449984
2024-09-10,4.04050016
2024-09-11,4.08300018
2024-09-12,4.13299990
2024-09-13,4.17500019
2024-09-16,4.21299982
2024-09-17,4.21350002
2024-09-18,4.23799992
2024-09-19,4.28599977
2024-09-20,4.28149986
2024-09-23,4.28900003
2024-09-24,4.42950010
2024-09-25,4.42799997
2024-09-26,4.58099985
2024-09-27,4.54099989
2024-09-30,4.49599981
2024-10-01,4.53550005
2024-10-02,4.59600019
2024-10-03,4.50199986
2024-10-04,4.52250004
2024-10-07,4.51900005
2024-10-08,4.41200018
2024-10-09,4.35500002
2024-10-10,4.38500023
2024-10-11,4.45149994
2024-10-14,4.36350012
2024-10-15,4.30049992
2024-10-16,4.33150005
2024-10-17,4.28649998
2024-10-18,4.34600019
2024-10-21,4.32299995
2024-10-22,4.34800005
2024-10-23,4.30450010
2024-10-24,4.31949997
2024-10-25,4.33949995
2024-10-28,4.33199978
2024-10-29,4.33249998
2024-10-30,4.32749987
2024-10-31,4.31349993
2024-11-01,4.34749985
2024-11-04,4.40700006
2024-11-05,4.45050001
2024-11-06,4.22249985
2024-11-07,4.40999985
2024-11-08,4.28649998
2024-11-11,4.21099997
2024-11-12,4.11950016
2024-11-13,4.06599998
2024-11-14,4.07299995
2024-11-15,4.05100012
2024-11-18,4.10799980
2024-11-19,4.13000011
2024-11-20,4.14349985
2024-11-21,4.11299992
2024-11-22,4.07399988
2024-11-25,4.09149981
2024-11-26,4.03900003
2024-11-27,4.06699991
2024-11-29,4.08050013
2024-12-02,4.07550001
2024-12-03,4.14599991
2024-12-04,4.14200020
2024-12-05,4.13500023
2024-12-06,4.13850021
2024-12-09,4.22349977
2024-12-10,4.22349977
2024-12-11,4.21400023
2024-12-12,4.19500017
2024-12-13,4.14900017
2024-12-16,4.14349985
2024-12-17,4.09149981
2024-12-18,4.09999990
2024-12-19,4.02050018
2024-12-20,4.04099989
2024-12-23,4.02299976
2024-12-24,4.04949999
2024-12-26,4.07200003
2024-12-27,4.06250000
2024-12-30,4.04549980
2024-12-31,3.98600006
2025-01-02,3.98850012
2025-01-03,4.03950024
2025-01-06,4.12699986
2025-01-07,4.16050005
2025-01-08,4.22749996
2025-01-09,4.27950001
2025-01-10,4.27449989
2025-01-13,4.29549980
2025-01-14,4.31050014
2025-01-15,4.35949993
2025-01-16,4.41050005
2025-01-17,4.33750010
2025-01-21,4.31099987
2025-01-22,4.27150011
2025-01-23,4.29949999
2025-01-24,4.28999996
2025-01-27,4.20349979
2025-01-28,4.22049999
2025-01-29,4.25750017
2025-01-30,4.28800011
2025-01-31,4.26200008
2025-02-03,4.29400015
2025-02-04,4.34250021
2025-02-05,4.43450022
2025-02-06,4.45349979
2025-02-07,4.58150005
2025-02-10,4.70050001
2025-02-11,4.59450006
2025-02-12,4.69799995
2025-02-13,4.76900005
2025-02-14,4.65649986
2025-02-18,4.58500004
2025-02-19,4.55700016
2025-02-20,4.60799980
2025-02-21,4.55999994
2025-02-24,4.51700020
2025-02-25,4.48600006
2025-02-26,4.54199982
2025-02-27,4.57999992
2025-02-28,4.51450014
2025-03-03,4.57649994
2025-03-04,4.52750015
2025-03-05,4.76650000
2025-03-06,4.77899981
2025-03-07,4.68300009
2025-03-10,4.63950014
2025-03-11,4.73999977
2025-03-12,4.82100010
2025-03-13,4.89849997
2025-03-14,4.86950016
2025-03-17,4.93349981
2025-03-18,4.99300003
2025-03-19,5.07600021
2025-03-20,5.08500004
2025-03-21,5.08750010
2025-03-24,5.06400013
2025-03-25,5.18300009
2025-03-26,5.21600008
2025-03-27,5.09749985
2025-03-28,5.11250019
2025-03-31,5.01999998
2025-04-01,5.01900005
2025-04-02,5.02349997
2025-04-03,4.81099987
2025-04-04,4.38450003
2025-04-07,4.16900015
2025-04-08,4.12750006
2025-04-09,4.17549992
2025-04-10,4.32100010
2025-04-11,4.50750017
2025-04-14,4.61049986
2025-04-15,4.61100006
2025-04-16,4.67399979
2025-04-17,4.73150015
2025-04-21,4.72100019
2025-04-22,4.87050009
2025-04-23,4.83549976
2025-04-24,4.84999990
2025-04-25,4.83549976
2025-04-28,4.83799982
2025-04-29,4.82299995
2025-04-30,4.55999994
2025-05-01,4.58099985
2025-05-02,4.62750006
2025-05-05,4.65500021
2025-05-06,4.73500013
2025-05-07,4.61649990
2025-05-08,4.56099987
2025-05-09,4.61100006
2025-05-12,4.57849979
2025-05-13,4.68149996
2025-05-14,4.61100006
2025-05-15,4.64449978
2025-05-16,4.55550003
2025-05-19,4.63350010
2025-05-20,4.61950016
2025-05-21,4.63800001
2025-05-22,4.64849997
2025-05-23,4.80649996
2025-05-27,4.71000004
2025-05-28,4.64400005
2025-05-29,4.65350008
2025-05-30,4.65250015
2025-06-02,4.83449984
2025-06-03,4.80950022
2025-06-04,4.86450005
2025-06-05,4.91349983
2025-06-06,4.82999992
2025-06-09,4.90950012
2025-06-10,4.88399982
2025-06-11,4.80100012
2025-06-12,4.82149982
2025-06-13,4.80299997
2025-06-16,4.82649994
2025-06-17,4.80049992
2025-06-18,4.84499979
2025-06-20,4.82600021
2025-06-23,4.84299994
2025-06-24,4.86700010
2025-06-25,4.91300011
2025-06-26,5.06549978
2025-06-27,5.06850004
2025-06-30,5.03000021
2025-07-01,5.04799986
2025-07-02,5.14900017
2025-07-03,5.09700012
2025-07-04,5.01849985
2025-07-07,4.98449993
2025-07-08,5.64499998
2025-07-09,5.44350004
2025-07-10,5.54799986
2025-07-11,5.56199980
2025-07-14,5.51499987
2025-07-15,5.54600000
2025-07-16,5.49650002
2025-07-17,5.48600006
2025-07-18,5.57800007
2025-07-21,5.61049986
2025-07-22,5.69700003
2025-07-23,5.79500008
2025-07-24,5.77699995
2025-07-25,5.76350021
2025-07-28,5.59499979
2025-07-29,5.60349989
2025-07-30,5.57000017
2025-07-31,4.33050013
2025-08-01,4.41249990
2025-08-04,4.41499996
2025-08-05,4.36399984
2025-08-06,4.39099979
2025-08-07,4.37849998
2025-08-08,4.45550013
2025-08-11,4.42350006
2025-08-12,4.50850010
2025-08-13,4.48199987
2025-08-14,4.46449995
2025-08-15,4.47800016
2025-08-18,4.45699978
2025-08-19,4.40899992
2025-08-20,4.42600012
2025-08-21,4.43149996
2025-08-22,4.44750023
2025-08-25,4.46649981
2025-08-26,4.45050001
2025-08-27,4.41450024
2025-08-28,4.46350002
2025-08-29,4.51849985
2025-09-02,4.56949997
2025-09-03,4.55849981
2025-09-04,4.48799992
2025-09-05,4.48250008
2025-09-08,4.49049997
2025-09-09,4.50099993
2025-09-10,4.55000019
2025-09-11,4.59049988
2025-09-12,4.58850002
2025-09-15,4.65549994
2025-09-16,4.63299990
2025-09-17,4.57100010
2025-09-18,4.54099989
2025-09-19,4.56899977
2025-09-22,4.57299995
2025-09-23,4.58449984
2025-09-24,4.75250006
2025-09-25,4.69999981
2025-09-26,4.71549988
2025-09-29,4.84100008
2025-09-30,4.80499983
2025-10-01,4.83050013
2025-10-02,4.89799976
2025-10-03,5.05800009
2025-10-06,4.98699999
2025-10-07,5.04799986
2025-10-08,5.04600000
2025-10-09,5.07550001
2025-10-10,4.84849977
2025-10-13,5.10050011
2025-10-14,4.98050022
2025-10-15,4.97200012
2025-10-16,4.95800018
2025-10-17,4.93149996
2025-10-20,4.99800014
2025-10-21,4.92999983
2025-10-22,4.96099997
2025-10-23,5.08199978
2025-10-24,5.09350014
2025-10-27,5.14050007
2025-10-28,5.14050007
2025-10-29,5.23350000
2025-10-30,5.07800007
2025-10-31,5.06549978
2025-11-03,5.04699993
2025-11-04,4.92600012
2025-11-05,4.96299982
2025-11-06,4.94549990
2025-11-07,4.93800020
2025-11-10,5.08699989
2025-11-11,5.04850006
2025-11-12,5.08949995
2025-11-13,5.08750010
2025-11-14,5.04949999
2025-11-17,5.00000000
2025-11-18,4.96250010
2025-11-19,5.00799990
2025-11-20,4.95949984
2025-11-21,5.00850010
2025-11-24,4.96199989
2025-11-25,4.99949980
2025-11-26,5.10449982
2025-11-28,5.18550014
2025-12-01,5.21899986
2025-12-02,5.16099977
2025-12-03,5.30800009
2025-12-04,5.29150009
2025-12-05,5.38199997
2025-12-08,5.36450005
2025-12-09,5.24049997
2025-12-10,5.27549982
2025-12-11,5.42700005
2025-12-12,5.28350019
2025-12-15,5.33850002
2025-12-16,5.28700018
2025-12-17,5.36350012
2025-12-18,5.36649990
2025-12-19,5.43949986
2025-12-22,5.43750000
2025-12-23,5.47599983
2025-12-24,5.49849987
2025-12-26,5.76650000
2025-12-29,5.49049997
2025-12-30,5.72749996
2025-12-31,5.63000011
2026-01-02,5.63999987
2026-01-05,5.92449999
2026-01-06,6.01049995
2026-01-07,5.80900002
2026-01-08,5.74650002
2026-01-09,5.85550022
2026-01-12,5.98500013
2026-01-13,5.96999979
2026-01-14,6.00899982
2026-01-15,5.94799995
2026-01-16,5.78849983
2026-01-20,5.77299976
2026-01-21,5.72949982
2026-01-22,5.74249983
2026-01-23,5.91099977
2026-01-26,5.98400021
2026-01-27,5.82849979
2026-01-28,5.89249992
2026-01-29,6.17549992
2026-01-30,5.89699984
2026-02-02,5.80149984
2026-02-03,6.06250000
2026-02-04,5.82600021
2026-02-05,5.79899979
2026-02-06,5.86350012
2026-02-09,5.94500017
2026-02-10,5.89599991
2026-02-11,5.94899988
2026-02-12,5.77099991
2026-02-13,5.79250002
2026-02-17,5.63299990
2026-02-18,5.79349995
2026-02-19,5.73000002
2026-02-20,5.83099985
2026-02-23,5.77299976
2026-02-24,5.92299986
2026-02-25,5.97949982
2026-02-26,5.94700003
2026-02-27,6.00449991
2026-03-02,5.89449978
2026-03-03,5.77349997
2026-03-04,5.85500002
2026-03-05,5.75299978
2026-03-06,5.75699997
2026-03-09,5.80049992
2026-03-10,5.90399981
2026-03-11,5.84549999
2026-03-12,5.82450008
2026-03-13,5.71449995
2026-03-16,5.79050016
2026-03-17,5.72650003
2026-03-18,5.55399990
2026-03-19,5.43300009
2026-03-20,5.34250021
2026-03-23,5.43949986
2026-03-24,5.42250013
2026-03-25,5.52899981
2026-03-26,5.44649982
2026-03-27,5.46700001
2026-03-30,5.47599983
2026-03-31,5.58750010
2026-04-01,5.62400007
2026-04-02,5.56300020
2026-04-06,5.58349991
2026-04-07,5.54449987
2026-04-08,5.75950003
2026-04-09,5.74800014
2026-04-10,5.87050009
2026-04-13,5.97599983
2026-04-14,6.07049990
2026-04-15,6.07200003
2026-04-16,6.06650019
2026-04-17,6.10349989
2026-04-20,6.03599977
2026-04-21,6.00150013
2026-04-22,6.11999989
2026-04-23,6.07550001
2026-04-24,6.02349997
2026-04-27,6.01800013
2026-04-28,5.91450024
2026-04-29,5.87849998
2026-04-30,5.92600012
2026-05-01,5.93200016
2026-05-04,5.79500008
2026-05-05,5.94299984
2026-05-06,6.13649988
2026-05-07,6.12750006
2026-05-08,6.24900007
2026-05-11,6.41349983
2026-05-12,6.48500013
2026-05-13,6.63549995
2026-05-14,6.56750011
2026-05-15,6.25150013
2026-05-18,6.27199984
2026-05-19,6.16499996
2026-05-20,6.29050016
2026-05-21,6.25699997
2026-05-22,6.34200001
2026-05-26,6.36100006
2026-05-27,6.30499983
2026-05-28,6.39599991
2026-05-29,6.35949993
2026-06-01,6.52400017
2026-06-02,6.64949989
2026-06-03,6.48099995
2026-06-04,6.51100016
2026-06-05,6.26350021
2026-06-08,6.32950020
2026-06-09,6.30249977
2026-06-10,6.24900007
2026-06-11,6.25899982
2026-06-12,6.43050003
2026-06-15,6.48250008
2026-06-16,6.48899984
2026-06-17,6.48150015
2026-06-18,6.37449980
2026-06-22,6.35650015
2026-06-23,6.14099979
2026-06-24,5.94299984
2026-06-25,6.07049990
2026-06-26,6.14150000
2026-06-29,6.09749985
2026-06-30,6.19250011
2026-07-01,6.12349987
2026-07-02,6.11450005
2026-07-06,6.17799997
2026-07-07,6.17150021
2026-07-08,6.05450010
2026-07-09,6.21500015
2026-07-10,6.23350000
2026-07-13,6.23299980
2026-07-14,6.32999992
2026-07-15,6.29349995
2026-07-16,6.29600000
2026-07-17,6.21999979
2026-07-20,6.29899979
2026-07-21,6.51100016
2026-07-22,6.45100021
2026-07-23,6.30499983
2026-07-24,6.32000017
2026-07-27,6.33900023
2026-07-28,6.32200003
2026-07-29,6.27349997
2026-07-30,6.44449997
2026-07-31,6.43599987
2026-08-03,6.51399994
2026-08-04,6.61850023
2026-08-05,6.70300007
2026-08-06,6.68699980
2026-08-07,6.57049990
2026-08-10,6.59450006
2026-08-11,6.61199999
2026-08-12,6.59700012
2026-08-13,6.59250021
2026-08-14,6.59950018
2026-08-17,6.60850000
